线路名称,线路长度
专64路(地铁通州北关站--疃里公交场站),0.07951366769416486
956路(梨村公交场站--地铁长阳站),0.16979466140441654
通71路(紫运园小区--曹园逸家小区),0.1174084775381387
480路(丽泽桥--明春苑),0.1278836872407266
专144路(岳家楼桥--金庄),0.061629529478829256
90路(造甲村东--天坛西门),0.1357406249064389
555路(宋家庄枢纽站--同心庄公交场站),0.11076703288716547
633路(环保科技园--杨坨),0.1444140897614871
957路(北京站东街--大兴一职),0.3471403963492979
专77路(地铁通州北关站--刘庄北站),0.07290181220491938
专95路(于善街西口--地铁沙河站),0.017264303785498834
54路(四惠桥--三营门),0.17743064342479828
975路(杨秀店公交场站--十里河桥南),0.19719532451217664
932路(史各庄公交场站--城子),0.4034534928049672
夜25路(华威路南口--石各庄),0.1630015791095283
580路(地铁荣昌东街站--鹿海园三里),0.08620641558570129
32路(公主坟西--月坛南街北站),0.06646408242283622
夜7路(韩庄子北--平乐园北),0.2565683320492724
专25路(地铁旧宫站--灵秀山庄东站),0.026039512725819915
386路(清河营公交场站--巴沟村),0.21398521891280645
922路(朝凤庵村--天通苑北枢纽站),0.35563624992888715
365路(闵庄南里--永丰公交场站),0.261516487560149
537路(天通苑北枢纽站--兴寿北站),0.14619965406507943
专59路(槐房北站--翠海明苑),0.02235318463019983
978路(云岗--丰台河西村),0.1377514583066072
566路(胡家垡--万盛南街),0.09708497723489458
432路(天通北苑--西苑),0.25516198077402813
357路(昌平东关--高崖口),0.31747379760566335
568路(砂石路口东--马官营西),0.10844841094286584
652路(开发区交通服务中心--北京南站南广场),0.1878979866593205
985路(牌坊村东口--甜水园西里),0.14730020272334504
专155路(北京南站--西铁营),0.030134068554741267
专115路(盛德东兴家园北--地铁园博园站),0.03986719303346647
414路(海淀五路居--北京南站南广场),0.15530545203890014
52路(平乐园--靛厂新村),0.22051986030379175
353路(富丰桥西--万源路),0.15046699871631108
342路(古城西桥公交场站--翠福园小区),0.10890469541593008
专199路(地铁首经贸站--地铁首经贸站),0.026655349264845037
专148路(石景山科技园--城通街),0.06564673915231573
960路(石厂村--西辛房西),0.12198548241873713
133路(北京南站--晓月苑小区),0.18578735507258948
341路(德茂桥东--青云店公交场站),0.14634010120433644
专204路(光辉桥南--北京东站),0.006093256333305466
634路(保福寺桥西--郭庄子公交场站),0.2062471965989698
118路(红庙路口东公交场站--紫竹院南门),0.19201852309012135
专208路内环(乔庄东站--乔庄东站),0.05141165581005757
327路(城通街--槐树岭公交场站),0.12781018031083038
通65路(地铁九棵树站--唐大庄村),0.09313733439333814
813路(邓家窑桥北--上上城五期),0.2330736477505092
981路(紫金路南站--常青园西门),0.2726251354415444
622路(北京站东--成和园小区),0.20782949974364603
专171路(宇达创意公交场站--富力又一城),0.04180456679896049
347路(雍王府--新街口豁口),0.20462828954296505
452路(玉泉路口南--晓月苑小区),0.11508935001523375
306路(蟹岛度假村东门--地铁草房站),0.1611239058610082
专207路(地铁嘉会湖站--次渠),0.05060505805478616
专140路(东辛店中街南口--地铁善各庄站),0.042894699936060474
653路(北苑家园--海淀五路居),0.26276750497051954
396路(隆恩寺--晋元桥西),0.10589912678621943
专2路(北京站东--天坛体育场),0.040797069266420107
117路(红庙路口东公交场站--五路居),0.13934642705601624
21路(安华桥北--北京西站),0.15333074290732454
335路(地铁海淀五路居站--东大街南口),0.12991057715184426
38路(西安门--六里桥东),0.09119312617572436
13路(小营公交场站--西城三里河),0.17715317858758262
822路(地铁潞城站--潮白河孔雀城),0.22131238571414533
362路(西直门公交场站--地铁西二旗站南),0.18293078991441308
921路(地铁阜通站--城子),0.4635461386351215
专20路(金茂悦小区北门--清河营公交场站),0.05237229416086415
519路(地铁龙泽站--九八四医院),0.14243208841371077
935路-935路慢车(东直门外--顺义半壁店),0.259755628111977
专134路(沙河北大桥--生命科学园西站),0.08729695285454965
344路(德胜门西--小辛庄),0.2155646927568999
394路(北京西站--韩家川),0.20083103474385522
623路(清河火车站西广场--永丰路北站),0.12614677071533295
专7路(安定门--安定门),0.033413434189528066
383路(大峪--杨坨),0.08068288105681104
325路(衙门口公交场站--高井路口南),0.12428175955789354
486路(西直河南站--辛庄),0.18620280067432343
432路(西苑枢纽站--天通北苑),0.24706874179420926
专13路(建欣苑北--牛街),0.08238046556863046
459路(丽泽桥--南宫迎宾路),0.22759912895224657
1路(老山公交场站--四惠枢纽站),0.26860015206007515
通87路(城铁北苑站--大兴桥北),0.4258858335931485
589路(疃里公交场站--环球度假区),0.15347993786824893
专196路(鸿博家园二期东--地铁成寿寺站),0.05571838710692169
875路(北京射击场东站--绿谷雅园小区),0.05838837463600171
906路(燕山东岭--燕山二一八公交场站),0.09370643622966207
413路(北京朝阳站--东直门),0.09087113073024668
通9路(永乐店镇--城铁九棵树站),0.3794725591407177
979路(玉泉路口南--梧桐苑公交场站),0.13317603890601015
879路(定陵--八达岭长城),0.32751798172518054
907路(大韩继公交场站--篱笆房客运站),0.31903211918335933
453路(地铁荣昌东街站--德茂桥东),0.10633652459452977
438路(永丰公交场站--北京北站),0.23494728468349502
专101路(地铁回龙观站--龙锦苑公交场站),0.05061798034082325
463路(玉衡街--地铁龙泽站),0.19356067458147258
专140路(地铁善各庄站--东辛店中街南口),0.06108261147782393
965路(中门寺生态园--京原东站),0.2126903284161175
专24路(福苑小区--首邑溪谷小区),0.057810302618344925
806路(太玉园公交场站--大北窑南),0.30573036247677615
130路(东湖--北官厅),0.13103753099136045
专192路(霍营公交场站--龙锦苑公交场站),0.05597664181831771
554路(郭庄子公交场站--六里桥北),0.08179778445444184
520路(宝盛路口南--天通苑北枢纽站),0.09949183534316369
393路(西苑--育新小区),0.12261389351425056
911路(京东运乔建材城--北京朝阳站),0.2397555426714214
575路(西辛力屯--地铁安河桥北站),0.20183091346862767
夜14路(北京西站--国家体育馆),0.18518305742711122
41路(金蝉西路南口--东单路口南),0.13593515431498387
909路(土井村西口--地铁上地站),0.09092115047739936
14路(后库--角门南站),0.09484856564182555
695路(动物园枢纽站--时代庄园北站),0.23918484776696514
905路(慧忠里--双兴苑公交场站),0.21139277438643195
夜29路(北京站东--东小营公交场站),0.34255958429713723
620路(新街口豁口--天通北苑),0.21113598829910493
878路(生命科学园东站--定陵),0.28617463380463637
550路(羊圈头村--云岗),0.09758049920251168
866路(地铁望京西站--怀柔汽车站),0.38581167897147706
833路(送变电公司路口西--河北镇辛庄),0.30166763474996267
978路(丰台河西村--云岗),0.13588402899058985
378路(华威路南口--老君堂北站),0.10068784724139676
326路(地铁南邵站--朝凤庵村),0.12070463186598075
830路(怪村公交场站--菜户营西站),0.2999551655341931
508路(西苑--地铁新街口站),0.13381959665332796
夜17路(北京站东--北京南站),0.0837407447390471
专75路(南坞--南坞),0.03710263832006344
专186路(瀛吉街--鹿海园三里),0.06980384171915162
374路(颐和园新建宫门--北京西站),0.13224258868606661
专153路(永定门外--永定门外),0.055999153608629455
10路(南菜园--航天桥东),0.10267522526524027
338路(玉泉路口南--丰台体育中心),0.0682889063612418
411路(小庄--富力又一城),0.2281370547341844
403路(北京站东街--环行铁道),0.14197253486555073
专189路(吕家营--地铁宋家庄站),0.061871573513951096
355路(育新小区--三义庙),0.14376966206543493
657路(东湖--郎辛庄),0.2592057842957961
专27路(达官营--丽泽桥),0.046490811225094235
397路(大鲁店公交场站--四惠枢纽站),0.19262859436043997
632路(五路--学府树公交场站),0.2150779878031068
625路(德胜门--二拨子新村),0.17469913037176818
596路(清河营公交场站--国际展览中心),0.13456819937141246
334路(动物园枢纽站--吴庄公交场站),0.1526093377551076
402路(北岗子东站--祁家坟),0.1738891264678493
552路(通州李庄--万盛南街),0.17035822178206647
506路(四惠枢纽站--石各庄),0.15166534536669327
124路(西四路口东--大屯南),0.11024771260809293
457路(劲松--豆各庄公交场站),0.13129137063085264
966路(平西王府公交场站临时站--东直门),0.26525197244767623
337路(石景山--公主坟西),0.15878200500536757
672路(燕莎桥南--郁金香花园南门),0.19554360619756525
464路(和平东桥--回南家园),0.144581090574459
专84路(福苑小区--西红门西站),0.07369646056314656
945路(沙河--南彩汽车站),0.5232033680014071
133路(晓月苑小区--北京南站),0.1851669398917198
通66路(神驹村--万源街西口),0.24167106137222977
983路(中关村一街--丰台河西村),0.3251390171284161
专181路内环(开发区交通服务中心--开发区交通服务中心),0.11102329638223864
854路(孙河公交场站--地铁望京西站),0.1728375614563681
671路(四惠枢纽站--西苑),0.26304585907759004
612路(张仪村东站--北官厅),0.2522859500277182
952路(四季青桥南--水墨林溪公交场站),0.3938976846107231
322路(四惠枢纽站--古城西桥公交场站),0.2147746068103114
夜17路(北京南站--北京站东),0.08533900015744435
通5路(地铁九棵树站--姚辛庄村),0.14759456832083012
360路(香泉环岛--西直门公交场站),0.1985961284667727
641路(金盏村--和平西桥),0.19735067038484014
318路(城通街--香泉环岛),0.13452473111925842
328路(和平东桥--冷泉公交场站),0.2557585625048944
423路(阜成门内--明春苑),0.18001844640205825
98路(四方桥西--东大桥路口东),0.08193323171802247
333路(安宁庄东路南口--西苑),0.15270475471275585
4路(青塔西路北站--大西洋新城南门),0.3515722139430739
通39路(于辛庄村--大沙务村),0.0721319240851713
805路快(庆丰公园--廊坊),0.5927056047126197
专156路(西铁营--嘉园二里南门),0.028627021469070587
42路(东四十条桥--广外甘石桥),0.15237234420327408
专52路(霍家营社区东站--霍营公交场站),0.0285356717808381
46路(高楼村--西单商场),0.0848437940725791
82路(前门--国家体育场东),0.12777692986211175
40路(木樨园--五路),0.18436059476613587
9路(金家村桥东--金台路口西),0.19233500963184558
598路(刘娘府北街北口--张仪村南站),0.12744044539868116
92路(海淀五路居--北土城公交场站),0.16684852251178633
专113路(四惠枢纽站--百子湾家园东站),0.036067251454315385
480路(明春苑--丽泽桥),0.13161034458420248
144路(城南嘉园北--岳家楼桥),0.1555223654970776
专137路(天通苑北枢纽站--天通北苑),0.0633026396744433
通48路(东夏园路口北--贝思达临时站),0.08357763753683714
96路(晓月苑公交场站--北京西站),0.12460648352524233
28路(弘燕公交场站--东大桥公交场站),0.09000750285804458
专208路外环(乔庄东站--京东运乔建材城),0.05131461238676026
专136路(天通北苑一区南--海鶄落),0.0659593293702843
451路(来广营北--黄厂路),0.3309870008972811
通66路(万源街西口--神驹村),0.24031821085324176
113路(祁家豁子--大北窑南),0.14507524385692744
357路(高崖口--昌平东关),0.31668944653230796
23路(朝阳半壁店--虎坊路),0.14428105938747163
通4路(怡乐中街--高楼金村),0.13901711592494131
810路(香河总站--通州西站),0.47046118263123665
882路(上上城五期--来广营路口西),0.5079006831815212
专72路(老君堂--华威桥南),0.06972150123766316
专176路(菜户营桥东--海上海花园小区),0.06380946603749071
通31路(前银子村--隆盛工业园),0.11602442168376974
937路(西胡林--西红门公交场站),0.3303345444875233
359路(首都机场路北口--东直门外),0.21362888235592867
952路(水墨林溪公交场站--四季青桥南),0.40027945039831186
659路(酒仙桥公交场站--黎各庄),0.1889259229382121
369路(地铁新宫站--黄村火车站),0.14456153657927276
专90路(西店--鹿海园公交场站),0.06727608694049318
通60路(玉桥中学--城铁北苑站),0.14316334026499888
836路(北京西站南广场--大韩继公交场站),0.48100752653498285
专104路(地铁天通苑站--燕丹),0.0471611078444506
404路(东直门枢纽站--来广营西桥东),0.11294016452621315
135路(二里庄--康家沟),0.22123738949248986
46路(西单商场--高楼村),0.07927708585737483
942路(顺义古城公交场站--孙河公交场站),0.14048731270016915
883路(德胜门西--南口西站),0.433140540909338
407路(马连店村--惠新东桥西),0.18358364137240138
849路(永定门汽车站--固安西站),0.5187975031079116
通14路(黄厂铺村--通州北关),0.2851849538417449
专177路(太子峪陵园--地铁张郭庄站),0.03849139427251311
通41路(大灰店村--陈桁村),0.6068465387015076
969路(地铁西局站--海子角),0.2278858283984114
51路(嘉园三里--双龙小区),0.14324504291912596
611路(四季青桥南--张仪村东站),0.10770750024377744
962路(朝凤庵村--解放村桥东),0.2715961582595271
45路(三路居公交场站--阜成门内),0.10070875896235769
555路(同心庄公交场站--宋家庄枢纽站),0.11303513499055884
6路(六里桥东公交场站--龙潭公园),0.12157710451954878
887路(地铁回龙观站--南口北站),0.3569726113950505
412路(组干学院站--东大桥公交场站),0.17428455532838963
530路(天通北苑--来广营西桥东),0.11067553184593096
专85路(地铁西二旗站--地铁上地站),0.03225419304658768
专18路(北京南站南广场--北京南站南广场),0.03397361455926185
877路(德胜门--八达岭长城),0.5410477519640057
专193路(小辛庄村--良庄家园),0.03523849542957516
505路(定慧桥南--香泉环岛),0.1332793251239281
914路(体育场南路东口--福田公墓路),0.1014456949352434
462路(二拨子新村--新都东站),0.13913634355683493
349路(北京西站南广场--丰台西站),0.13078582372127232
专71路(地铁百子湾站--百子湾家园东站),0.023652506666237534
通90路(凤河营--城铁北苑站),0.35363917152117463
678路(海户屯--永合庄),0.21020315906299034
664路(厢白旗桥--地铁苹果园站),0.22830543104179937
通2路(地铁通州北苑站--港北村),0.2027218508260623
808路(佰富苑--大北窑南),0.3409947731721957
804路(北京站前街--杨洼),0.5804631009696624
855路(地铁望京站--马坡花园),0.3577728611685539
695路(时代庄园北站--动物园枢纽站),0.234039584395204
818路(天洋城总站--大北窑南),0.39051659089525825
693路(阜永路口西--育新小区),0.24282532112920813
夜22路(西红门西站--北京西站南广场),0.14859305755366156
通48路(兴惠艺术园区--地铁东夏园站),0.07911948907645913
专29路(龙域北街东口--地铁上地站),0.054308375251538255
16路(动物园枢纽站--二里庄),0.11266387243627107
968路(莲花池南路--海子角),0.22170319725555165
835路(莲花池汽车站--韩村河西),0.5508283193977698
5路(菜户营桥--北土城公交场站),0.18986932613031296
专205路(通州火车站--地铁潞城站),0.08268417133420358
4路(大西洋新城南门--青塔西路北站),0.3278731731500109
850路(东直门--马坡花园),0.4493342754507367
984路(九华山庄--立水桥北站),0.13903227717223698
专70路(上东廓--沙河),0.08291644351692344
22路(前门--牡丹园西),0.1004145338893947
440路(弘善家园西站--经海七路公交场站),0.12517558476861504
120路(石榴园东--左家庄),0.16719952571393856
141路(时代庄园北站--宋家庄枢纽站),0.2805704038644584
83路(怡海花园西门--西单路口南),0.1705353736880506
962路(解放村桥东--朝凤庵村),0.2713743140876499
519路(九八四医院--地铁龙泽站),0.14260048357617194
夜5路(城通街--北京站东),0.2656096308982912
537路(兴寿北站--天通苑北枢纽站),0.14670275391663495
320路(地铁西二旗站--北京西站),0.1875897515431974
专168路(新街口豁口--白塔庵东),0.05679481556170149
871路(生命科学园东站--曹碾),0.23861420301781516
345路(昌平北站--德胜门西),0.3405759517808035
810路快线(富力新城--大郊亭桥东),0.5346028440901803
837路(车厂村北--东坟公交场站),0.1329198932033257
124路(大屯东--西四丁字街),0.11362844281571545
408路(石佛营西里--慧忠里),0.14913011254706482
618路(龙锦苑东五区南门--月坛体育场),0.2615881869160801
专190路(地铁新宫站--地铁丰台科技园站),0.07614500424389375
62路(田村半壁店东--马家堡公交场站),0.24735645823877522
专2路(天坛体育场--北京站东),0.04430864846359342
通21路(地铁九棵树站--曹庄村),0.31103831134815735
912路(丰益桥南--篱笆房客运站),0.24321749103312523
专127路(五棵松桥东--张仪村东站),0.0865357562780285
902路(地铁西二旗站南--苏家坨公交场站),0.22548654480336525
372路(日新路南口--怡乐南街公交场站),0.11919463427641182
327路(槐树岭公交场站--城通街),0.14392058680794836
644路(中央党校北门--大瓦窑公交场站),0.2376479887725162
886路(北京蟒山森林公园--德胜门西),0.4024120673825586
401路(南十里居--东直门枢纽站),0.1043601666084961
366路快(黄村火车站--木樨园桥北),0.18938948001019743
夜11路(龙潭公园--翠林小区),0.09703688321760325
405路(四惠枢纽站--孙河公交场站),0.19846299856077565
407路(惠新东桥西--马连店村),0.186817221335782
412路(东大桥公交场站--组干学院站),0.1796342104027269
949路(南口西站--朝凤庵村),0.2365454725177972
932路(城子--史各庄公交场站),0.39655772495996766
377路(西红门西站--永定门汽车站),0.14994477061982892
892路(洪水口--地铁苹果园站),0.8763186526214649
472路(鲁谷公交场站--金安桥北),0.14041786367755102
91路(八棵杨中街--方庄北口),0.06713650935013761
613路(来广营西桥东--巴沟村),0.2121829542005094
专182路(润枫领尚小区--科创十四街西站),0.11517717346901449
夜13路(北京朝阳站--海淀五路居),0.2781506293115329
392路(西二旗北站--海淀桥东),0.11808251798399363
专99路(北安河公交场站--苏家坨北路),0.068434318273687
381路(西红门公交场站--永定门汽车站),0.1720181401703469
专73路(地铁沙河高教园站--北街家园五区),0.032270389294638845
968路(海子角--莲花池南路),0.22578251877622477
805路快(小甸屯南--大北窑南),0.47978323975386983
27路(安定门外--定慧寺东),0.13127998784259365
640路(岗山村南站--小庄路口北),0.272903090371129
专61路(拾景北路--石景山),0.05364325311580576
夜28路(地铁宋家庄站--惠新东桥西),0.19822587939406228
430路(地坛西门--东沙各庄公交场站),0.1847540854076371
583路(地铁黄渠站--翠福园小区),0.11400701061275012
605路(弘燕公交场站--黄杉木店),0.12116884255905966
通67路(同济南路地铁站--漷城西四路),0.44166617671031233
专61路(石景山--拾景北路),0.05325237034582963
949路(朝凤庵村--南口西站),0.23741414536585184
106路(北京南站--东直门枢纽站),0.12787865179836694
361路(望京科技创业园--巴沟村),0.21532665651472985
321路(六里桥东--南宫南站),0.20487105719312879
977路(冯村公交场站--菜户营桥西),0.39248866916178066
993路(窦店公交场站--地铁西红门站),0.3755658069280321
579路(杏坛路南口--西苑),0.11706407771574895
558路(霍营公交场站--溪城家园),0.10444902778575485
通72路(地铁九棵树站--坨堤村),0.20234496886633552
97路(航天桥西--晓月苑公交场站),0.16284977880691498
418路(东直门枢纽站--金盏),0.19254377049654328
专101路(龙锦苑公交场站--地铁回龙观站),0.0797738071622148
531路(吴庄公交场站--丽泽桥),0.10870940160775208
89路(红莲南里--恩济里小区),0.09821264513920124
375路(北京北站--东北旺中路),0.16268690004002084
668路(北京站东--京东运乔建材城),0.2836327306644944
343路(地铁新宫站--北京南站南广场),0.10472865497391681
119路(地铁芍药居站--安定门),0.06407926843877301
专47路(科创十六街--珠江四季悦城),0.07005559727328198
专158路(翠福园小区--北京物资学院),0.04963362023637238
夜11路(翠林小区--龙潭公园),0.09756918597012212
专185路(开发区交通服务中心--科创九街西口),0.0987624262019012
387路(北京西站--慧忠路东口),0.1841006524533002
32路(月坛南街北站--公主坟西),0.0675192187661892
145路(国家体育馆--北京北站),0.15271241839905048
专90路(鹿海园公交场站--西店),0.0647579002721304
专89路(新龙城东站--清河),0.07453446174613705
91路(方庄北口--八棵杨中街),0.059148302707439676
529路(翠海明苑--北京南站南广场),0.10088057301233658
955路(岗山村南站--东方太阳城),0.2984876225328312
夜21路(北京站东--西直门公交场站),0.1185091808927235
320路(北京西站--地铁西二旗站),0.18618401529457831
381路(永定门汽车站--西红门公交场站),0.18126992507839446
专51路(鼓楼桥西--鼓楼桥西),0.03566121287457091
专194路(北京朝阳站--甘露园北),0.04449571579636988
专97路(西红门西站--公交驾校),0.06543090779319422
专150路(地铁八宝山站--融景城公交场站),0.04053957617546013
专128路(永丰公交场站--地铁西二旗站),0.09963246080867336
通69路(杨秀店--同济南路北站),0.10625680433609763
67路(前门--樊家村公交场站),0.15207467639593392
820路(大地公交场站--莲花池南路),0.3922302216016536
专48路(地铁立水桥南站--天通北苑),0.05050135144011485
390路(西便门--南五里店),0.12980689673563298
546路(富丰桥西--鲁谷公交场站),0.14760570431673234
专68路(丰台西站--看丹桥),0.04435889389112358
634路(郭庄子公交场站--保福寺桥西),0.20040018479638458
专173路(京东运乔建材城--日新路南口),0.08270753920192592
92路(北土城公交场站--海淀五路居),0.16511731999980392
专127路(新丰路北口--五棵松桥东),0.06925220100166955
350路(焦庄桥北--东大桥公交场站),0.17847685601280816
63路(惠新东桥南--金蝉南里),0.1917617648795053
专122路(蟹岛度假村东门--地铁善各庄站),0.10380304046253849
671路(西苑枢纽站--四惠枢纽站),0.264502276024519
304路(巴沟村--牡丹园),0.10256969922561808
10路(航天桥东--南菜园),0.09939918562837317
353路(万源路--富丰桥西),0.173265679614907
76路(张仪村公交场站--核桃园东街),0.181233312926145
专46路高峰(吴庄公交场站--京原路口东),0.04063601762767689
981路(常青园西门--紫金路南站),0.2763140007877378
专173路(日新路南口--京东运乔建材城),0.07972798508654472
专87路(广渠门--百子湾家园东站),0.0785281551073879
383路(杨坨--大峪),0.08115542154441761
331路(新街口豁口--西苑北站),0.1447830426922368
614路(单村--万柳中路北口),0.2059050110194079
专134路(生命科学园西站--沙河北大桥),0.08809830903778122
专17路(郭庄子公交场站--晓月苑公交场站),0.0737026488313379
专71路(百子湾家园东站--地铁百子湾站),0.023024710903052067
645路(国家体育场东--航天桥北),0.16687293599766426
专167路(金卫路西口--四惠枢纽站),0.06405072697985482
115路(东黄城根北口--康家沟),0.12977200379607923
93路(前门--吕家营),0.14165812038442535
夜9路(慧忠里--巴沟村),0.1453595546838002
883路(南口西站--德胜门西),0.4286456119221444
655路(土楼村--昌平东关),0.19087763870983332
专111路(吴庄公交场站--老山西街),0.05957992099433233
856路(南彩汽车站--兴寿北站),0.4541145901438411
专170路(黄厂路--豆各庄公交场站),0.03758678462019188
专192路(龙锦苑公交场站--霍营公交场站),0.05566215978345153
417路(生命科学园西站--英才南三街东口),0.2401149940537886
559路(丈头村--昌平北站),0.12859676460923103
495路(地铁上地站--史各庄公交场站),0.1076936838990965
485路(北京南站--振亚庄),0.17875608703864695
专63路(富丰桥南--地铁丰台科技园站),0.04175301794930115
614路(万柳中路北口--单村),0.2091116353387929
415路(孙河公交场站--慧忠里),0.1776444184824205
专37路(来广营西桥东--地铁北苑路北站),0.05107145274060594
66路(前门--城南嘉园北),0.08898320057876356
专8路(祁家豁子--祁家豁子),0.06533153223068931
专4路(夏家胡同--樊家村公交场站),0.025987931187188583
601路(和平东桥--地铁北宫门站),0.1683225345394495
343路(北京南站南广场--地铁新宫站),0.10191392904384546
专62路(宣颐家园--地铁宋家庄站),0.06048669245272633
夜3路(青年路小区--地铁海淀五路居站),0.24834600098140092
通1路(通州北苑路口西--岗山路口),0.1767905621442527
59路(前门--菜户营桥),0.08072183458628295
82路(国家体育场东--前门),0.13353284338167865
专171路(富力又一城--宇达创意公交场站),0.04257289809821094
通56路(地铁经海路站--东惠家园东),0.07579089707236766
448路(前沙涧村--水岸家园南),0.11165389861481878
941路(石龙西公交场站--莲花池南路),0.3577436386368064
380路(德胜门--慧忠里),0.07168069223509244
13路(西城三里河--小营公交场站),0.17712156718341773
66路(城南嘉园北--前门),0.09578078145031421
18路(国际展览中心--惠新东桥西),0.10690692640439564
436路(玉渊潭南路西口--衙门口东),0.09552418241603894
469路(颐和园西门--地铁海淀五路居站),0.09927832817857293
945路(南彩汽车站--沙河),0.5219574638714155
462路(新都东站--二拨子新村),0.13492324538873826
583路(翠福园小区--地铁黄渠站),0.10839401357948426
483路(西红门西站--丰台路口),0.15835988689140096
47路(小马厂--花园路北口),0.11885484422129428
63路(金蝉南里--惠新东桥西),0.21345953915808152
115路(康家沟--东黄城根北口),0.13030108466634582
628路(来广营北--北京市商业学校),0.1805521592375608
658路(嘉铭园公交场站--定慧桥南),0.2288056052126625
610路(西苑枢纽站--鲁谷公交场站),0.17883612091095255
860路(天通苑北枢纽站--曹碾),0.09919855623067456
319路(大运村公交场站--南七家),0.22093687010072435
26路(二里庄--天宁寺桥东),0.20037932484449406
832路(莲花池汽车站--梨村公交场站),0.2968843502069134
专74路(地铁沙河高教园站--高教园北三街东站),0.04143230305206082
360路快车(香泉环岛--动物园枢纽站),0.18728236344864485
专16路(地铁北安河站--凤凰岭),0.05960202646516223
647路(大北窑东--万盛南街),0.2807462753398191
345路(德胜门西--昌平北站),0.3412786523804741
820路(莲花池南路--大地公交场站),0.39149284386593836
616路(北京西站南广场--北潞园公交场站),0.27870211496428093
夜38路(天鑫家园--德胜门西),0.2127979353288566
64路(公主坟西--青塔小区),0.05879642508103835
336路(地铁海淀五路居站--大峪),0.23076565608738012
通9路(城铁九棵树站--永乐店镇),0.37062650980815265
专30路(翠林小区--马连道),0.06039485109565358
61路(阜成门内--天香颐北里),0.1433836471098396
419路(国家体育场东--甘露园北),0.18678625383772987
64路(青塔小区--公主坟西),0.06388010279077029
通73路(西马各庄村--地铁九棵树站),0.20284343258181006
612路(北官厅--张仪村东站),0.2579016892937153
89路(恩济西街南站--红莲南里),0.09796054644632586
专109路(鲁谷公交场站--田村),0.04692471334115323
542路(开发区交通服务中心--晶彩小区),0.09556528404003181
901路快车(燕山东岭--前门西),0.5383359744226207
530路(来广营西桥东--天通北苑),0.11037408525824612
通50路(地铁梨园站--张家湾凉水河桥北),0.0740853986416088
911路(北京朝阳站--京东运乔建材城),0.24279981317878063
360路(西直门公交场站--香泉环岛),0.19014159149785792
544路(北安河公交场站--地铁西二旗站),0.20826336374929383
611路(张仪村东站--四季青桥南),0.10813459883139362
938路快车(庆丰公园--香河总站),0.6725570150989666
通1路(岗山路口--通州北苑路口西),0.1742911244828144
521路(生命科学园西站--地铁上地站),0.09281048225293737
通7路(疃里--周坡庄村委会),0.21461415344203139
专163路(地铁大红门站--大红门锦苑小区),0.047226991741640856
专203路(东小营公交场站--地铁临河里站),0.09968495371441999
夜27路(大北窑东--武夷花园),0.23817503673242463
通44路(疃里二区--通州区中医医院),0.12761673925103034
681路(龙锦苑公交场站--海淀中街),0.18987444605075018
995路(十里河桥南--采育公交场站),0.3910213386440941
61路(天香颐北里--阜成门内),0.14199317199361688
夜15路(北京南站南广场--北京西站南广场),0.09796992935687969
496路(四惠枢纽站--康静里南),0.10580221858003648
516路(亮马桥--南皋),0.10685473977871833
专78路(地铁回龙观东大街站--小辛庄村),0.02113494008621909
17路(石榴园东--崇文门东),0.06313087329444528
985路(甜水园西里--牌坊村东口),0.1581321768590317
专35路(玉衡街--天通苑北枢纽站),0.07394765803976722
992路(西辛房西--京原东站),0.19122585896940422
310路(晓月苑公交场站--丰台辛庄),0.11662843142882479
876路(苹果园南路东口--城子),0.1348473198589449
专166路(金蝉北路西口--金蝉南里),0.02854390616413867
71路(友谊医院东--红寺桥),0.08528478254930183
458路(北京南站--南宫迎宾路南站),0.2983620949228586
专148路(城通街--石景山科技园),0.06565143832629255
991路(亮马厂西口--孙河公交场站),0.23321915942427915
825路(地铁公益西桥站--地铁旧宫站),0.09967392868015504
810路(通州西站--香河总站),0.47340259688627345
986路(方庄桥东--大地公交场站),0.21726727610190746
804路(杨洼--北京站东),0.5721522460227535
688路(西三旗--廖公庄公交场站),0.2705759953330345
专99路(苏家坨北路--北安河公交场站),0.07032351362917022
专135路(百善公交场站--地铁沙河站),0.06719587114910333
650路(焦庄桥北--大北窑北),0.1500399519427115
专169路(西红门公交场站--欣旺北大街北口),0.03436837378024601
专63路(地铁丰台科技园站--富丰桥西),0.04233952709423702
专10路(弘燕公交场站--大北窑南),0.053751008658434116
455路(四惠枢纽站--南花园公交场站),0.08105226404494448
971路(首发物流--六里桥东站),0.26886971852436486
通34路(地铁梨园站--太玉园公交场站),0.048857706021110996
53路(北京西站南广场--四方桥西),0.18391909564620001
专159路(经海五路南口--次渠),0.05447337938785121
389路(刘娘府北街北口--鲁谷公交场站),0.1256193678649316
专181路外环(开发区交通服务中心--开发区交通服务中心),0.1125314873155623
955路(东方太阳城--岗山村南站),0.3006205669791032
72路(城南嘉园北--大北窑南),0.16005460525486892
511路(城南嘉园--方庄东路),0.11847114499455816
643路(朝凤庵村--天通苑北枢纽站),0.3211540586013149
838路(涿州开发区总站--六里桥南),0.6238567953066325
专137路(天通北苑--天通苑北枢纽站),0.060448453837875615
973路(东窑村--大瓦窑公交场站),0.5471329393089912
专32路(地铁朱辛庄站--地铁朱辛庄站),0.03539311485660374
81路(永泰小区--北土城公交场站),0.09450704273642375
355路(三义庙--育新小区),0.14488487848587078
990路(地铁公益西桥站--小红门牌坊村),0.1498491920088454
951路(地铁八宝山站--坨里),0.4518716409131966
通86路(怀柔火车站--通州北苑路口东),0.4813709130363784
849路(固安西站--永定门汽车站),0.5208646924264241
专169路(欣旺北大街北口--西红门公交场站),0.034231355135473956
302路(辛庄--巴沟村),0.2494527205186517
专48路(天通北苑--地铁立水桥南站),0.050022183933343095
561路(西直河西站--大北窑南),0.13702792658656354
56路(大观园公交场站--动物园枢纽站),0.078610782654231
834路(翟里村--顺义半壁店),0.17130885414739355
908路(苏家坨公交场站--土井村西口),0.20213092240758931
专69路(地铁八宝山站--衙门口公交场站),0.044171511366296594
476路(西苑枢纽站--宝盛里小区),0.14178761773736162
144路(岳家楼桥--城南嘉园北),0.15788162873129366
527路(吴庄公交场站--雍王府),0.13879300188501523
831路(燕山东岭--燕化星城一里),0.17812263626792088
105路(天桥--白石桥东),0.11435090358548383
395路(复兴门南--富丰桥西),0.15715478698490398
329路(李家峪北--晓月苑公交场站),0.16381820091041774
专26路(海上海花园小区--翠林小区),0.047320358199323315
891路内环(德露苑公交场站--德露苑公交场站),0.11999332959756305
305路(中苑宾馆--国防大学),0.1939457307471968
376路(昌平东关--南口北站),0.15248772792982174
专162路(方庄东路南口--方庄东路南口),0.05901985116853568
576路(宋家庄枢纽站--南小街西里),0.09105285939683413
专30路(马连道--翠林小区),0.05782613361114213
专123路(万红路东口--万红路东口),0.049028754755178816
专43路(宝盛里小区--宝盛里小区),0.04768092340505075
专59路(翠海明苑--槐房北站),0.023743013063529356
639路(黎各庄--北京站东街),0.31307880890636697
993路(地铁西红门站--窦店公交场站),0.3724152398112154
通31路(隆盛产业园--前银子村),0.11090591991786605
专172路(万盛南街--怡乐南街公交场站),0.03368762745904005
358路(黄南苑小区--石府路),0.08130595153892378
专33路(地铁园博园站--二七通信工厂),0.040584231375020804
专207路(次渠--地铁嘉会湖站),0.05064504279250588
109路(北京西站南广场--东大桥公交场站),0.15990275124954073
专87路(百子湾家园东站--广渠门),0.0787574005572769
989路(顺义半壁店--四惠枢纽站),0.27008364728071443
25路(肖村桥北--北京南站),0.09827702020336114
982路(土井村西口--北京西站南广场),0.3097427657040697
夜21路(西直门--北京站东),0.11733639358279986
830路(菜户营桥西--怪村公交场站),0.3076640113940677
474路(大观园公交场站--西红门公交场站),0.14364397584837704
通63路(隆盛工业园--古庄),0.08195544350503749
专54路(地铁稻香湖路站--温泉北站),0.047827235343398056
621路(大西洋新城南门--半截塔公交场站),0.15001647651194389
专24路(首邑溪谷小区--福苑小区),0.0611578502699314
478路(学知桥北--小辛庄村),0.14052831415540765
351路(丰台体育中心--地铁首经贸站),0.06385086875483756
435路(地铁临河里站--五里桥),0.11358461350585278
680路(金蝉南里--上林苑小区),0.2076751240978529
547路(和平西桥--地铁善各庄站),0.11248641662295324
45路(阜成门内--三路居公交场站),0.11006856559623973
696路(国展新馆公交场站--芍药居公交场站),0.21739011956464668
526路(同心庄公交场站--地铁宋家庄站),0.1142274459668038
987路(地铁望京西站--云佛山滑雪场),0.8114819385399409
586路(常营体育公园--孙河公交场站),0.16632453171801598
专72路(华威桥南--老君堂),0.06938150391646783
456路(菜户营桥东--思邈路),0.25110272755634977
531路(丽泽桥--吴庄公交场站),0.09873731680643237
875路(绿谷雅园小区--北京射击场东站),0.06061640251892074
554路(六里桥北--郭庄子公交场站),0.08184530373349976
360路快车(动物园枢纽站--香泉环岛),0.17721288594606704
894路(夏威夷蓝湾小区--地铁潞城站),0.1892828645685111
70路(角门南站--西单路口南),0.0805850138644648
602路(老君堂北站--丰台路口),0.28263238403552876
专10路(大北窑南--弘燕公交场站),0.055766989119459334
910路(潮白河孔雀城--土桥村),0.2208988515774344
126路(北京站东--石各庄),0.16036474552183716
915路快(南彩汽车站--东直门外),0.4152111577122788
专88路(通州李庄--地铁通州北关站),0.05512088889818775
77路(外文印刷厂西门--晓月苑小区),0.1783105025072337
142路(丽泽桥北--炎黄艺术馆),0.27312352156681347
465路(立水桥--南七家),0.08810717561942114
312路(马圈--东小营公交场站),0.3088504032648418
486路(辛庄--西直河南站),0.18093746560080462
309路(北京西站南广场--太子峪陵园),0.19465164745701868
52路(靛厂新村--平乐园),0.22300672876887664
915路快(东直门外--南彩汽车站),0.4161222232527645
夜1路(老山公交场站--四惠枢纽站),0.26813926923421394
440路(经海七路公交场站--弘善家园公交场站),0.13117407704921988
夜23路(吕家营--北京西站),0.2152432015858205
524路(宋家庄枢纽站--灵秀山庄东站),0.08435285320210009
20路(北京南站--北京站东),0.08281524340251546
专188路(科谷二街--开发区交通服务中心),0.06250441226063531
专179路(青秀城东区--草桥东路北口),0.029159184697547042
专145路外环(公益桥东--公益桥东),0.0634936238380063
通36路(翠屏北里北--大方居),0.033254223483980355
869路(地铁善各庄站--东洲家园),0.03569755189686411
专124路(万红路东口--万红路东口),0.05014986218439719
512路(永丰公交场站--梅所屯),0.11344380433635814
通18路(地铁万盛东站--平家疃路口),0.23652487159951638
29路(北京站东街--弘燕公交场站),0.09947336937921192
68路(厂桥路口南--马官营西),0.12574835277934568
322路(古城西桥公交场站--四惠枢纽站),0.21489905035201823
915路(南彩汽车站--东直门外),0.46630671961671083
55路(西安门--祁家豁子),0.06872023833455299
专22路环线高峰(望和桥--望和桥),0.030189220057543882
84路(惠新东桥南--宋家庄枢纽站),0.17589800610590026
951路(坨里--地铁八宝山站),0.4506040572470527
946路(地铁大兴新城站--地铁新宫站),0.08566122758822249
86路(国家体育馆--航天桥北),0.14091857486200193
专69路(衙门口公交场站--地铁八宝山站),0.034490526957481865
366路(黄村火车站--宋家庄枢纽站),0.1984956979802564
夜20路内(北官厅--北官厅),0.3206345354908701
609路(西三旗--金庄),0.21664387383604075
664路(地铁苹果园公交场站--厢白旗桥),0.2228730552290923
303路(西闸--西苑北站),0.19768784681229662
专193路(良庄家园--小辛庄村),0.035539473831110086
685路(博兴一路北口--樊家村公交场站),0.31459887381557083
933路(国展新馆公交场站--天通苑北枢纽站),0.21175062088942587
专84路(西红门西站--福苑小区),0.07427503817385125
138路(唐家村--石佛营西里),0.10952086611776551
通54路(融科钧廷--地铁同济南路站),0.037270026492010985
939路(沙子营公交场站--三元桥东站),0.1436626470945134
553路(单店--四惠枢纽站),0.11023080963907043
681路(海淀中街--龙锦苑公交场站),0.19458150273297706
321路(南宫南站--六里桥东),0.2045614367776217
专152路(城通街--苹果园南路东口),0.06417494841576164
专46路高峰(京原路口东--吴庄公交场站),0.04009261704585986
565路(怪村公交场站--地铁园博园站),0.1662151467433619
专60路(安宁庄东路南口--地铁上地站),0.022393238961923467
11路(大北窑东--孛罗营),0.10739883834557838
95路(康家沟--惠新西街南口),0.14482083636269238
专104路(燕丹--地铁天通苑站),0.04280374771175896
404路(来广营西桥东--东直门枢纽站),0.09672466180383325
518路(慧忠里--西山林语公交场站),0.22201060479998697
591路(通州西站--乔庄),0.1411654650719485
481路(吴庄公交场站--紫竹院北门),0.14312987772443503
43路(团结湖--五间楼),0.12083871299035649
102路(北京南站--动物园枢纽站),0.12976038813744528
39路(北京站东--双庙),0.0915089922416333
83路(西单路口南--怡海花园西门),0.160866116841336
夜18路(左家庄--城南嘉园北),0.22342957810273456
317路(绿心公园南门--怡乐南街公交场站),0.16261709429563684
夜36路(和平东桥南--富丰桥西),0.2503479782682557
848路(海子角--大北窑南),0.2964272264494996
356路(云岗--大灰厂西站),0.08194166778519436
943路(永定门汽车站--霸州火车站),0.8200854138532206
夜4路(安宁庄东路南口--菜户营桥东),0.20870502896559684
517路(四惠枢纽站--草房西路南口),0.1459372267137446
916路快车(怀柔汽车站--东直门枢纽站),0.5088571936892254
551路(白各庄公交场站--霍营公交场站),0.07162403835962282
专28路(地铁上地站--地铁安河桥北站),0.06433805842105723
496路(康静里南--四惠枢纽站),0.10998354747302443
845路(丰益桥西--狼垡),0.1403488422407766
专143路(东北旺--颐和山庄),0.06574913728323126
976路(盛林苑公交场站--大北窑南),0.37447309760523245
夜2路(祁家豁子--万源路),0.22160726670509667
专14路(马南里--地铁善各庄站),0.04226149854136735
24路(左家庄--北京站),0.06948681446370499
110路(地铁柳芳站--天桥),0.13692370873795376
364路(双桥农场西站--金盏),0.1536416934489333
49路(真武庙--樊家村公交场站),0.12074294210174404
专55路(丰台梨园村--地铁园博园站),0.06814654732772174
937路(西红门公交场站--西胡林),0.33195596667382243
464路(回南家园--和平东桥),0.14424827581745683
495路(史各庄公交场站--地铁上地站),0.10664864615072839
492路(博兴一路北口--亦庄桥南),0.12959016272956986
984路(立水桥北站--九华山庄),0.14211244151949737
130路(北官厅--东湖),0.11343898613916122
365路(永丰公交场站--闵庄南里),0.2622597397432159
445路(南十里居--宏泰东街),0.06899526182675889
专178路(二七厂--地铁张郭庄站),0.04766858157884223
878路(定陵--生命科学园东站),0.285435637606849
410路(丽园路公交场站--北京西站南广场),0.19094267852485408
453路(德茂桥东--开发区交通服务中心),0.110385916903755
825路(地铁旧宫站--地铁公益西桥站),0.10257426945985133
夜32路(东湖--北官厅),0.1403746674534579
专146路(槐树岭公交场站--槐树岭公交场站),0.04217129937892934
924路(南彩汽车站--土桥公交场站),0.42424372611174216
31路(金蝉南里--甜水园街北口),0.13975861008052756
50路(左安门外--北京西站),0.15018411609316634
887路(南口北站--地铁回龙观站),0.3563388186950035
通62路(陈列馆路--高楼金村),0.13469752797707724
专130路(成和园小区--木樨园桥),0.06725330304610576
850路快车(马坡花园--东直门),0.427360926838531
27路(定慧寺东--安定门外),0.1310278801798132
532路(大鲁店公交场站--杨闸),0.10770027272663493
816路(郎家园--大厂),0.6241074903042689
125路(安定门--芍药居),0.06991906621061067
582路(地铁通州北关站--怡乐南街公交场站),0.11574157285809178
964路(云岗北区--晓幼营),0.1060757992494495
5路(北土城公交场站--菜户营桥),0.175295921724285
880路快(沙城客运站--地铁回龙观站),0.8926858680439108
通40路(地铁九棵树站--漷城西四路),0.2798888145614518
828路-828路大站快车(浙商新城--永定门汽车站),0.8640220191895446
569路(小营公交场站--北京会议中心),0.05626578311669863
328路(冷泉公交场站--和平东桥),0.2570497595814559
831路(燕化星城一里--燕山东岭),0.18042500985032506
807路(土桥公交场站--大北窑南),0.2608897229909701
593路(地铁北苑路北站--环行铁道),0.1251246756542377
621路(半截塔公交场站--大西洋新城南门),0.14883954442239028
306路(地铁草房站--蟹岛度假村东门),0.16060524688913666
通13路(城铁九棵树站--尹家河村),0.30156244751118233
447路(地铁上地站--西玉河公交场站),0.113027155128531
专26路(翠林小区--海上海花园小区),0.046889380350780475
452路(晓月苑小区--玉泉路口南),0.11393819017021384
专96路(西店--开发区交通服务中心),0.06996920073018734
87路(蓟门桥--定慧寺东),0.15914152899261091
377路(永定门汽车站--西红门西站),0.15135723353392352
470路(西红门公交场站--富丰桥西),0.09696374535104978
专196路(地铁成寿寺站--鸿博家园二期东),0.0399699225326289
35路(小郊亭公交场站--天桥),0.1581956240062485
专121路(地铁回龙观站--二拨子新村),0.04775029067797655
116路(龙潭公园--地铁柳芳站),0.09950733871919082
专179路(草桥东路北口--青秀城东区),0.03770758093784515
637路(次渠--北京站东街),0.2137473358813658
专142路(华纺易城公交场站--农业展览馆),0.07729825951907296
573路(永旭嘉园--鹿海园公交场站),0.08475261247832802
458路(南宫迎宾路南站--北京南站),0.28934649121709277
490路(惠新东桥西--宝盛里小区),0.1539026881515729
425路(南坞--小营公交场站),0.1997663629106432
855路(马坡花园--地铁望京站),0.3566653138361188
139路(宋家庄枢纽站--东大桥公交场站),0.1242045054551252
344路(小辛庄--德胜门西),0.21401787014440835
602路(丰台体育中心--老君堂北站),0.27708795091896243
957路(大兴一职--北京站东街),0.36870085118493684
470路(看丹桥--西红门公交场站),0.09813208978072832
517路(地铁草房站--四惠枢纽站),0.15055556616928403
专19路(肿瘤医院--华威南路东口),0.026812759190896977
103路(动物园枢纽站--北京站西),0.1300574610159687
373路(京原路口东--绿谷雅园小区),0.09669261938128819
483路(丰台路口--西红门西站),0.1586780814430174
369路(黄村火车站--地铁新宫站),0.14380865807192464
846路(大北窑南--杨秀店公交场站),0.2623573997349351
507路(五路--小屯西路南口),0.11276519669187521
专36路(地铁传媒大学站南--地铁传媒大学站南),0.04688236076842603
936路(丰宁客运站--来广营路口西),1.1951950992475124
8路(前门--金蝉西路南口),0.1599801485051818
916路(怀柔汽车站--东直门枢纽站),0.5153092531647006
604路(金庄--来广营北),0.30097675626434417
69路(韩庄子北--索家坟),0.1829350167584612
391路(公交技校--地铁园博园站),0.1195585736944639
698路(香泉环岛--公主坟),0.19618514760854927
821路(方庄南口--小周易村),0.262744005002817
417路(英才南三街东口--生命科学园西站),0.2415914652145907
69路(文慧桥南--韩庄子北),0.18084299087743333
942路(孙河公交场站--顺义古城公交场站),0.13964852231118371
666路(大北窑东--京东运乔建材城),0.24441085714350366
488路(大北窑北--五里桥),0.18841018203898435
94路(公主坟东--塔院小区南门),0.1356450750904286
570路(地铁西二旗站南--永丰公交场站),0.09552687186076729
553路(四惠枢纽站--单店),0.11093062112697005
143路(北京西站--国家体育馆),0.17469091610056742
848路(大北窑南--海子角),0.2962089653406904
专56路(德茂庄--德茂庄),0.0633650534782579
852路(东直门枢纽站--平谷汽车站),0.7637933782509688
967路(花园桥南--狼垡东桥北),0.20197901315693784
534路(中央党校北门--西直门公交场站),0.13191033920030656
专34路(地铁大红门站--地铁大红门站),0.043088410025948876
481路(紫竹院北门--吴庄公交场站),0.1609098500606824
专15路(北京八十中学东门--大西洋新城南门),0.052753166316700364
449路(永丰公交场站--地铁上地站),0.11628104894154716
446路(学府树公交场站--地铁永丰站),0.11983538922198451
577路(东北旺中路--二里庄),0.10265607182915186
夜6路(青年路小区--国家体育馆),0.19634799603869943
868路(于家园--云佛山滑雪场),0.44688859514861834
120路(左家庄--石榴园东),0.1726349648351244
991路(孙河公交场站--亮马厂西口),0.23154126271923176
夜25路(石各庄--华威路南口),0.1627771677115263
970路快车(密云汽车站--地铁望京西站),0.6235750939958811
539路(万柳中路北口--颐和园西门),0.07212890869683075
39路(双庙--北京站东),0.09161102245449057
专159路(次渠--经海五路南口),0.0549320419022616
夜26路(和平东桥--天通北苑),0.1820102238766639
424路(金庄--厢白旗桥),0.11123655364684758
308路(衙门口--白云路),0.13438192848848907
123路(牡丹园西--香河园桥),0.11570281806239482
973路(大瓦窑公交场站--东窑村),0.5444583015701825
466路(中关村南--地铁北苑站),0.1707800511315375
专165路(八王坟南--广和里中街),0.04631587906353366
145路(北京北站--国家体育馆),0.14813758854585557
975路(十里河桥南--杨秀店公交场站),0.19910319865772527
616路(北潞园公交场站--北京西站南广场),0.28783448576625786
608路(地铁生命科学园站西--中关村一街),0.21235176775527653
927路(南刘庄--旧宫北路东口),0.36446397681921483
889路(昌平何营--德胜门西),0.37608049880716005
通54路(地铁同济南路站--融科钧廷),0.03779654282781702
323路(知春里东站--富丰桥西),0.18188924915926807
夜24路(北京南站南广场--和平东桥南),0.2017514492857248
134路(公主坟南--马家堡公交场站),0.1158852101946383
专73路(北街家园五区--地铁沙河高教园站),0.03276154065683452
508路(地铁新街口站--西苑),0.1311369092592682
917路快车(欧美亚汽车城--北京西站南广场),1.049887473841771
809路(佰富苑--大北窑南),0.34794123722344655
专66路高峰(巩华新村--地铁巩华城站),0.059933285649342305
314路(长陵--昌平东关),0.15536672646240923
通56路(东惠家园东--地铁经海路站),0.08128137054759176
18路(惠新东桥南--国际展览中心),0.11035095780612997
35路(天桥--小郊亭公交场站),0.170640833665994
通51路(地铁通州北苑站--西马庄小学),0.035968944937856746
431路(东四十条桥东--单店南),0.11412563601181783
342路(翠福园小区--古城西桥公交场站),0.10908553187159101
813路(上上城五期--邓家窑桥北),0.23226997460052556
专108路(苹果园南--首钢西十冬奥广场),0.06226316475515712
143路(国家体育馆--北京西站),0.17829937126735576
夜8路(小马厂--地铁北宫门站),0.2032106645282583
专86路(京原路口东--融景城公交场站),0.03792052610693511
夜34路(慧忠里--金蝉西路南口),0.2229176343373552
专145路内环(公益桥东--公益桥东),0.06228931137905371
74路(颐和园新建宫门--菜户营西路),0.18434358815690657
专58路(天通西苑南--天通北苑),0.06365300513479646
夜19路(化工桥西--北京站东),0.14791615812002848
843路(六里桥北里--大灰厂西站),0.22023757198732832
134路(马家堡公交场站--公主坟南),0.11302804344029575
专77路(刘庄北站--地铁通州北关站),0.055878846642728026
86路(航天桥北--国家体育馆),0.13996449972043723
392路(海淀桥东--西二旗北站),0.12628694645162417
329路(晓月苑公交场站--李家峪北),0.16241950161272833
316路(疃里公交场站--小稿村南站),0.15148048753818835
364路(金盏--双桥农场西站),0.1517836992338573
415路(慧忠里--孙河公交场站),0.1781182069144653
549路(四通桥东--厢白旗桥),0.09002909154074697
专3路(莲花桥--七里庄),0.04245344707387456
811路(通州北苑路口东--燕郊总站),0.2568896480920585
专131路(马连店村--白各庄公交场站),0.04142771135327217
487路(未来科学城北站--天通苑北枢纽站),0.12730210299852168
专112路(地铁望京西站--溪阳东路东口),0.049679701524045695
326路(朝凤庵村--地铁南邵站),0.12120529742337048
919路快车(德胜门--京张路口北),0.7201082696975465
488路(五里桥--大北窑北),0.18760077476086884
93路(吕家营--前门),0.14057477081825945
94路(塔院小区南门--公主坟东),0.11902798558243288
979路(梧桐苑公交场站--玉泉路口南),0.13250398032591895
132路(大西洋新城南门--东直门枢纽站),0.0900582064868823
966路(东直门--平西王府公交场站临时站),0.26487547735766553
75路(和平东桥--康家沟),0.16208358433288347
通28路(周营村南口--后堰上村),0.22491552320398686
926路(地铁旧宫站--采育公交场站),0.3322179806549908
576路(南小街西里--宋家庄枢纽站),0.09479747574537511
22路(牡丹园西--前门),0.09945114324033667
108路(崇文门--大屯南),0.10617913039247205
专60路(地铁上地站--安宁庄东路南口),0.023451101255932295
专35路(天通苑北枢纽站--玉衡街),0.07357048432960243
636路(回南家园--西苑),0.21033463823849383
623路(永丰路北站--上地五街东口),0.12853966722669757
473路(鲁谷公交场站--六里桥北里),0.0926317439497968
1路(四惠枢纽站--老山公交场站),0.270048477206747
304路(牡丹园--巴沟村),0.10396622676447162
476路(宝盛里小区--西苑),0.1421727789198133
610路(鲁谷公交场站--西苑),0.18521153499268236
533路(天通苑北枢纽站--英才南三街东口),0.10894007767940189
专157路(通州西站--地铁通州北关站),0.04414099065779014
62路(马家堡公交场站--田村半壁店东),0.24421365390419872
418路(金盏--东直门枢纽站),0.19200821891811354
专120路(地铁北苑路北站--龙祥嘉园),0.01622597455113214
870路(兴寿北站--南口西站),0.31282934813475644
870路(南口西站--兴寿北站),0.31352119390275984
549路(厢白旗桥--四通桥东),0.08752872589017464
专189路(地铁宋家庄站--吕家营),0.06082699464799764
336路(大峪--地铁海淀五路居站),0.2187210941318233
575路(地铁安河桥北站--西辛力屯),0.20325255172245224
474路(西红门公交场站--大观园公交场站),0.1429402385629688
专49路(朱辛庄公交场站--沙河),0.06548706099687547
977路快(公主坟北--冯村公交场站),0.27182955659320773
631路快车(黄村火车站--航天桥南),0.22430967758410936
专85路(地铁上地站--地铁西二旗站),0.029366486911320468
904路(燕化星城一里--燕山春光),0.1488698218171257
314路(昌平东关--长陵),0.15638395003609107
夜27路(武夷花园--大北窑东),0.23549469091301684
324路(木樨园--开发区交通服务中心),0.1999782605714871
通26路(鑫隅三街--靓景名居小区),0.34700997799096533
543路(地铁龙泽站--环保科技园),0.15658773503181228
857路(沙子营公交场站--蟹岛度假村东门),0.1507307540737827
339路(王佐--北京西站),0.22116152883876905
670路(善缘小区--德胜门西),0.29925010056544205
630路(大运村公交场站--香泉环岛),0.15602355389107747
963路(龙泉驾校--龙域北街东口),0.1295544107637023
通63路(古庄--隆盛工业园),0.0814873760508595
20路(北京站东--北京南站),0.09374778267112104
890路(下苇甸--北京西站南广场),0.41929210233966435
692路(先农坛--丰葆路东口),0.17848934557091073
308路(白云路--衙门口公交场站),0.13644685165417408
886路(德胜门西--北京蟒山森林公园),0.3996253890269402
49路(樊家村公交场站--真武庙),0.09083815735171523
455路(南花园公交场站--四惠枢纽站),0.07837060067792836
专41路(晶彩小区--开发区交通服务中心),0.0795028470470058
111路(崇文门--白石桥东),0.11642278983501927
通45路(东堡村--运河中学高中部),0.17267414765303898
826路(地铁荣昌东街站--采四小区),0.3372776829330431
60路(黄寺总政大院--龙潭公园),0.10505959152858757
139路(东大桥公交场站--宋家庄枢纽站),0.11950765646378857
408路(慧忠里--石佛营西里),0.14918087030935812
528路(巴沟村--天香颐北里),0.10145915402458892
434路(福苑小区--草桥东路北口),0.12212066281495673
899路(下花园--地铁朱辛庄站),1.1299836604542386
561路(大北窑南--西直河西站),0.1233723633804504
350路(东大桥公交场站--焦庄桥北),0.17955896684410738
通45路(运河中学高中部--东堡村),0.17240429190439455
976路(大北窑南--盛林苑公交场站),0.371061440810283
606路(大钟寺站--地铁霍营站南),0.17572832359061114
442路(杨闸--东小营公交场站),0.18176347707892263
954路(大兴一职--刘家窑桥西),0.2823178224695473
专121路(二拨子新村--地铁回龙观站),0.050114155901555116
140路(石佛营西里--北京站东街),0.0886847194622588
专39路(杨闸--五里桥),0.058910115226207656
专184路(宏达南路北口--科创街),0.11350370414768461
587路(京东运乔建材城--苹果派小区),0.17039990765468496
680路(上林苑小区--金蝉南里),0.19926389140776143
专37路(地铁北苑路北站--来广营西桥东),0.04933285185951284
909路(地铁上地站--土井村西口),0.09206990860695928
专52路(霍营公交场站--霍家营社区东站),0.0271224516778557
405路(孙河公交场站--四惠枢纽站),0.19964771280936222
478路(小辛庄村--学知桥北),0.14395646106766877
11路(孛罗营--大北窑东),0.10894260255104377
471路(东湖--地铁望京西站),0.07905429475778791
805路(通州北苑路口西--廊坊站),0.5312958710370578
347路(新街口豁口--雍王府),0.20218563499444003
578路(地铁荣昌东街站--博兴六路公交场站),0.07358183965849237
通3路(通州北苑路口西--平家疃村),0.19176993601187328
80路(新街口豁口--小红庙),0.09249855252601295
专183路(鹿海园四里南门--鹿海园五里东门),0.11871896197031531
通43路(地铁通州北苑站--临沟屯村),0.35144031184013347
507路(小屯西路南口--五路),0.12301591165352943
专29路(地铁上地站--龙域北街东口),0.05232679095380726
497路(木樨园桥--郭公庄西),0.1334934647614329
夜10路内(东直门--东直门),0.24374301809357915
447路(西玉河公交场站--地铁上地站),0.11327563029268554
通26路(靓景名居小区--鑫隅三街),0.3424534855403741
330路(后沙涧--温泉苗圃),0.07460741200413729
986路(大地公交场站--方庄桥东),0.21897305605136358
666路(京东运乔建材城--大北窑东),0.24389887095223847
573路(鹿海园公交场站--永旭嘉园),0.08784899809323109
921路(城子--地铁阜通站),0.4699683257421116
487路(天通苑北枢纽站--未来科学城北站),0.12890725229250097
专119路(天通北苑--天通北苑一区南),0.05684527025603118
专110路(隆恩寺--金安桥东),0.08848545493788104
通21路(曹庄村--地铁九棵树站),0.310526491657458
850路(马坡花园--东直门),0.4482566690908119
通3路(平家疃村--通州北苑路口西),0.19261795197452553
28路(东大桥公交场站--弘燕公交场站),0.08900299295997213
931路(地铁苹果园站--潭柘寺),0.22785583922939193
通6路(北京物资学院--潞阳桥西路),0.13258520417495454
专129路(阜玉路口北--颐和园西门),0.07536992571966472
34路(孛罗营--虎坊桥路口南),0.1731661955498385
515路(北土城公交场站--东大桥公交场站),0.11548275899206238
专131路(白各庄公交场站--马连店村),0.03935191624607762
670路(德胜门西--善缘小区),0.30392570120045115
通70路(北关地铁站--疃里一区南门),0.09674894358730886
546路(鲁谷公交场站--富丰桥西),0.14544869442614827
125路(芍药居--安定门),0.05867881384772615
夜7路(平乐园北--韩庄子北),0.25369089090971547
636路(西苑枢纽站--回南家园),0.2064123163834706
96路(北京西站--晓月苑公交场站),0.1243438865283068
专185路(科创九街西口--开发区交通服务中心),0.09936360490522674
387路(慧忠路东口--北京西站),0.1868496975817521
通11路(城铁北苑站--董村),0.2640716756180826
812路(八王坟西--燕郊冶金一局),0.38576665853945435
824路(佰富苑--地铁草房站),0.1462908110001476
835路(韩村河西--六里桥东),0.5496043064444972
970路(密云汽车站--地铁俸伯站),0.37650292503767563
436路(京原路口东--玉渊潭南路西口),0.09138627761722382
882路(来广营路口南--上上城五期),0.5054284454146342
972路(雍王府--矿建街北口),0.17892338203095048
102路(动物园枢纽站--北京南站),0.12569043555827958
23路(虎坊路--朝阳半壁店),0.1445782756196508
544路(地铁西二旗站--北安河公交场站),0.20901370920797238
315路(大钟寺--新都东站),0.18111984123171346
914路(福田公墓路--体育场南路东口),0.1179238871848509
445路(宏泰东街--南十里居),0.06670376702578776
603路(六里桥长途站--上地六街东口),0.26856568288928173
112路(亮果厂--康家沟),0.12140033516043884
642路(土楼村--水岸家园南),0.18618916894087806
617路(来广营北--地铁生命科学园站西),0.25804158017842976
893路(地铁潞城站--天洋城总站),0.17026628515137562
专16路(凤凰岭--地铁北安河站),0.06124655152471438
686路(田村半壁店东--中央党校北门),0.2445650789173353
633路(杨坨--环保科技园),0.14286005087846235
475路(四惠枢纽站--宇达创意公交场站),0.1298682988939198
943路(霸州火车站--永定门汽车站),0.8229711274730013
358路(石府路--黄南苑小区),0.09631099114465393
专74路(高教园北三街东站--地铁沙河高教园站),0.04331379298732269
396路(晋元桥西--隆恩寺),0.10467732914314072
专11路(鲁谷公交场站--翠谷玉景苑小区),0.027283392008591277
专182路(科创十四街西站--润枫领尚小区),0.1152286270726142
夜30路外(十里河桥北--十里河桥西),0.49790575363443224
夜32路(北官厅--东湖),0.1398731403680686
852路(平谷汽车站--东直门枢纽站),0.7638851992688631
527路(雍王府--吴庄公交场站),0.13482461809947538
专110路(金安桥东--隆恩寺),0.0908502970883184
专27路(丽泽桥(临时站)--达官营),0.04871718948577536
专9路(地铁科怡路站--怡海花园西门),0.025303003077029533
692路(丰葆路东口--永定门内),0.15725431683047333
384路(西玉河公交场站--中关村一街),0.1992121301578619
939路(三元桥东站--沙子营公交场站),0.1393464994236728
专91路(京原东站--燕堤南路西口),0.06421822707970345
995路(采育公交场站--十里河桥南),0.3905848423758447
371路(龙域北街东口--霍营公交场站),0.07178084643041151
21路(北京西站--安华桥北),0.15183158147886394
3路(东直门枢纽站--金家村桥东),0.2067803478620348
877路(八达岭长城--德胜门),0.5414775918550934
2路(宽街路口南--双庙),0.13169268176035617
376路(南口北站--昌平东关),0.15194187186366212
538路(国家体育场东--孙河公交场站),0.19181282568489796
812路(燕郊总站--八王坟西),0.3907175979754062
416路(来广营西桥东--东直门枢纽站),0.1402236471440567
夜2路(万源路--祁家豁子),0.21497902785071332
通7路(周坡庄村委会--疃里),0.21219490048773534
613路(巴沟村--来广营西桥东),0.2127462978206535
558路(溪城家园--霍营公交场站),0.10402364750461919
315路(新都东站--大钟寺),0.18104906028423998
专81路(东小口村委会--世华泊郡小区),0.10079780651051731
406路(慧忠里--单店),0.22837281990619232
645路(航天桥北--国家体育场东),0.16125117575959758
505路(香泉环岛--定慧桥南),0.14405392275280762
467路(静安庄--地铁善各庄站),0.09316832458456283
38路(六里桥东公交场站--西安门),0.11160200767154407
通10路(后伏村--地铁通州北苑站),0.2526090845544774
专6路(西直门--阜成门),0.023867050538577156
892路(地铁苹果园站--洪水口),0.8777303748425124
114路(白云路--南坞),0.10820461997766251
591路(乔庄--通州西站),0.1407544399636274
827路(大兴西庄--刘家窑桥西),0.30771720170961075
专117路(天通苑北枢纽站--燕丹),0.041497965070335624
通38路(协各庄村--通州小街桥东),0.22466987912629233
918路(兴谷路公交场站--东直门枢纽站),0.833075948487804
963路(龙域北街东口--龙泉驾校),0.12957599259485067
夜12路(城南嘉园北--四季青桥南),0.1858316650545554
585路(五棵松桥南--金庄),0.06268697474081979
通87路(黄村东大街东口--地铁通州北苑站),0.4228759630043156
98路(东大桥路口东--四方桥西),0.07840843792072698
665路(北京南站南广场--鹿海园公交场站),0.23567769173773945
专102路(回龙观桥北--地铁龙泽站),0.07576209663388707
669路(万盛北街--大北窑南),0.21432238288511515
67路(樊家村公交场站--前门西),0.15054528301333156
129路(北京西站--西苑),0.1785314131885434
通73路(地铁九棵树站--西马各庄村),0.20562649272609784
466路(地铁北苑站--中关村南),0.17447132273176444
643路(天通苑北枢纽站--朝凤庵村),0.3200258303334334
专94路(地铁长阳站--地铁长阳站),0.0164406060306012
专195路(红霞路--北京朝阳站),0.049728333170081955
专28路(地铁安河桥北站--地铁上地站),0.06554555395109228
682路(阜安西路--青年路小区),0.13932321030692268
811路(燕郊总站--通州北苑路口东),0.25495526652239575
477路(明春苑--广外关厢),0.16260066447143323
917路(张坊公交场站--北京西站南广场),0.7604210533897475
682路(青年路小区--阜安西路),0.13969493488509704
307路(巴沟村--龙域北街东口),0.1996274956395409
通2路(港北村--地铁通州北苑站),0.20612145184090086
通67路(漷城西四路--地铁同济南路站),0.4412429850319767
通69路(同济南路北站--杨秀店),0.1075052085128587
933路(天通苑北枢纽站--国展新馆公交场站),0.21115650515364937
专205路(地铁潞城站--通州火车站),0.08435472293918476
615路(神路街--刘庄北站),0.2963744511833097
夜38路(德胜门西--天鑫家园),0.21005888168500556
570路(永丰公交场站--地铁西二旗站南),0.09908500466180947
604路(来广营北--金庄),0.29900801227483415
114路(南坞--白云路),0.1059029220709491
140路(北京站东街--石佛营西里),0.11983831843238299
专17路(晓月苑公交场站--郭庄子公交场站),0.07206574334444515
专139路(新都东站--上地五街东口),0.07589371931991401
960路(西辛房西--石厂村),0.11916266931546825
578路(博兴六路公交场站--开发区交通服务中心),0.07505052559088626
专102路(地铁龙泽站--回龙观桥北),0.07398435685121353
专97路(公交驾校--西红门西站),0.06501163940119516
901路(六里桥北里--燕山东岭),0.4883590621643132
983路(丰台河西村--中关村一街),0.32759521548575377
121路(阜成门内--南坞),0.11526219280299142
夜26路(天通北苑--和平东桥),0.17152472383828907
620路(天通北苑--新街口豁口),0.18884267207105118
601路(地铁北宫门站--和平东桥),0.16842607040925006
专98路(五路--五路),0.053480414876526286
专197路(地铁立水桥南站--北苑家园),0.016810873855282595
专21路高峰(龙锦苑公交场站--霍营公交场站),0.03930693408540508
948路(大安山矿--地铁苹果园站),0.5857843191567274
954路(刘家窑桥西--大兴一职),0.2833584255467122
918路(东直门枢纽站--兴谷路公交场站),0.8323430471736516
专115路(地铁园博园站--盛德东兴家园北),0.05023536786669622
夜8路(地铁北宫门站--小马厂),0.20823838719424176
916路快车(东直门枢纽站--怀柔汽车站),0.49953869515320193
506路(石各庄--四惠枢纽站),0.15001999323723966
通12路(房辛店--地铁通州北苑站),0.26706007788962727
专168路(白塔庵东--新街口豁口),0.05300902392147772
409路(来广营西桥东--阜成门内),0.2101403649128154
84路(宋家庄枢纽站--惠新东桥西),0.1831266282563287
406路(单店--慧忠里),0.22703069088335937
618路(月坛体育场--龙锦苑东五区南门),0.25934684252617224
817路(郎家园--大厂),0.5839149022515381
专117路(燕丹--天通苑北枢纽站),0.0426562109097008
919路(体育场小区--德胜门),0.7528319112358093
348路(大鲁店公交场站--大北窑南),0.17502367345404454
夜9路(巴沟村--慧忠里),0.146360604871984
532路(杨闸--大鲁店公交场站),0.10646801397900417
通70路-通勤(微)70路(疃里一区南门--地铁通州北关站),0.08968368399217962
72路(大北窑南--城南嘉园北),0.16028225959990444
通90路(地铁通州北苑站--凤河营),0.3461642810093866
435路(五里桥--地铁临河里站),0.12950571843418152
658路(定慧桥南--嘉铭园公交场站),0.22745902730071227
827路(刘家窑桥西--大兴西庄),0.3063423463051729
956路(地铁长阳站--梨村公交场站),0.17144457299093097
专161路(方庄东路南口--方庄东路南口),0.056664298421548284
101路(百万庄西口--红庙路口东),0.1502329654228686
专184路(科创街--开发区交通服务中心),0.0903962361171336
138路(石佛营西里--唐家村),0.08123789352891844
专139路(清河火车站西广场--新都东站),0.0756364413667404
442路(东小营公交场站--杨闸),0.17807257797524537
521路(地铁上地站--生命科学园西站),0.09183083466384137
489路(石府路--工人疗养院),0.09307220201183242
394路(韩家川--北京西站),0.19781941926496502
679路(桂村--木樨园桥北),0.24164058510722283
927路(亦庄桥北--南刘庄),0.36379141915568103
989路(四惠枢纽站--顺义半壁店),0.268103287154511
929路(千军台--地铁苹果园站),0.46087956388348944
556路(公益桥东--西洼地),0.09352665165349636
839路(刘家窑桥西--东坟公交场站),0.5480157658763989
988路(四惠枢纽站--马泉营),0.19390484815128572
73路(阜成门--地铁海淀五路居站),0.08047249481106782
通12路(城铁北苑站--房辛店),0.2682848679793214
688路(廖公庄公交场站--西三旗),0.25565433901293944
专200路(孙河公交场站--孙河公交场站),0.0590205660335176
81路(北土城公交场站--永泰小区),0.09432520442813998
384路(中关村一街--西玉河公交场站),0.19855801738505527
828路-828路大站快车(永定门汽车站--浙商新城),0.8620743532154431
817路(大厂--郎家园),0.5827012142263437
324路(开发区交通服务中心--木樨园桥北),0.20226355423179956
374路(北京西站--颐和园新建宫门),0.13424790160768033
379路(育新小区--左家庄),0.18926208633944352
382路(大北窑东--双桥农场西站),0.15858993404482408
528路(天香颐北里--巴沟村),0.09916301545841578
879路(八达岭长城--定陵),0.3282521759737339
专147路外环(田村半壁店东--田村半壁店东),0.06933217404427755
398路(五道口公交场站--育新小区),0.10050740106534359
夜19路(北京站东--化工桥西),0.1321475584337672
574路(京原路口东--大灰厂),0.17931767133466592
夜30路内(十里河桥南--十里河桥北),0.4922990038052838
362路(地铁西二旗公交场站(临时站)--西直门公交场站),0.18446861883737156
965路(京原东站--中门寺生态园),0.2126997523381529
110路(天桥--地铁柳芳站),0.13583101795276226
523路(科创十六街--地铁荣京东街站),0.09960416274751002
专65路(地铁张郭庄站--二七厂),0.03760354565729721
专108路(首钢西十冬奥广场--苹果园南),0.06194505074527646
104路(北京站西--地铁柳芳站),0.08890615392047262
47路(花园路北口--小马厂),0.12092451363034945
专142路(农业展览馆--华纺易城公交场站),0.07721790443801851
413路(东直门--北京朝阳站),0.08775403966927561
391路(地铁园博园站--公交技校),0.12023181240409518
专65路(二七厂--地铁张郭庄站),0.036229062787960585
专156路(嘉园二里南门--西铁营),0.02571565841748011
624路(槐树岭公交场站--航天桥南),0.19634086144530544
专70路(沙河--上东廓),0.08081499110227396
通42路(兴隆庄村--小屯村),0.2658680237382358
919路快车(京张路口北--德胜门),0.726354620490835
542路(晶彩小区--开发区交通服务中心),0.09151459835065338
946路(地铁新宫站--地铁大兴新城站),0.08703686289937226
599路(博兴六路公交场站--前门),0.26240651348796395
夜22路(北京西站南广场--西红门西站),0.1470429356603289
17路(崇文门东--石榴园东),0.09324328711845156
990路(小红门牌坊村--地铁公益西桥站),0.15217980328270997
489路(工人疗养院--石府路),0.09762242585773945
539路(颐和园西门--万柳中路北口),0.07129871298165805
511路(方庄东路--城南嘉园),0.11199997554213784
607路(和平东桥--宏福苑小区西),0.2427318339118101
587路(苹果派小区--京东运乔建材城),0.16764794290430626
653路(海淀五路居--北苑家园),0.2674330790404
303路(西苑枢纽站--西闸),0.19742983976665088
584路(颐和山庄--大钟寺),0.15012600535333417
78路(核桃园东街--鲁谷公交场站),0.14509024328636227
专195路(北京朝阳站--红霞路),0.05334425640899556
851路(东窑村--地铁望京西站),0.230919990344286
824路(地铁草房站东--佰富苑),0.1285818641952757
14路(角门南站--后库),0.09438838044036657
499路(燕莎桥南--草房西路南口),0.18453535418891878
331路(西苑北站--新街口豁口),0.12497766421462836
夜16路(晓月苑公交场站--航天桥西),0.1673451078894414
599路(前门--博兴六路公交场站),0.26027301631675065
专141路(八王坟东--华纺易城公交场站),0.0813230566496741
128路(后库--肖村桥北),0.14751478947105515
659路(黎各庄--酒仙桥公交场站),0.19137263418470732
380路(慧忠里--德胜门),0.07218284503505623
628路(北京市商业学校--来广营北),0.18149265134452408
805路(廊坊--通州北苑路口西),0.5324434337403258
48路(前门--城南嘉园北),0.09401563114872234
840路(马村公交场站--七里庄),0.3559142555455357
627路(航天桥西--郭公庄西),0.17002567949382494
493路(朝凤庵村--昌平南桥北),0.07763376901973085
302路(巴沟村--辛庄),0.26147203460182794
105路(白石桥东--天桥),0.1139338431377193
484路(北医三院--北苑家园),0.12945411937528178
644路(大瓦窑公交场站--中央党校北门),0.23033174513291768
通37路(地铁通州北关站--王辛庄村),0.13431085541634985
560路(生命科学园西站--新龙城东站),0.12266601490855364
专116路(南皋公交场站--地铁善各庄站),0.0812407145271387
107路(东直门枢纽站--白石桥东),0.11348910023086835
905路(双兴苑公交场站--慧忠里),0.20926396692997873
678路(永合庄--海户屯),0.2093113522690895
80路(小红庙--新街口豁口),0.0865299013684204
438路(北京北站--永丰公交场站),0.24377051802620145
夜5路(北京站东--城通街),0.28162148458517666
58路(四惠枢纽站--神武门),0.11946034276040252
964路(晓幼营--云岗北区),0.10572207447062236
694路(嘉铭园公交场站--六圈路西口),0.2913157060178781
571路(朝新嘉园--地铁望京西站),0.1513039926409165
908路(土井村西口--苏家坨公交场站),0.21271381871172368
317路(怡乐南街公交场站--绿心公园南门),0.15863900513390647
341路(青云店公交场站--德茂桥东),0.14651497057003318
通23路(紫峰九院城--永乐店),0.14828497370826194
667路(刘庄北站--大北窑东),0.27120426973833966
363路(四惠枢纽站--青青家园),0.11381654730490279
137路(怡海花园西门--前门),0.1640236721238972
810路快线(大郊亭桥东--富力新城),0.5336388705216628
536路(左家庄--屏翠西路东口),0.10764568034354441
808路(大北窑南--佰富苑),0.34043580374065857
118路(紫竹院南门--红庙路口东),0.17589344290881923
333路(西苑--安宁庄东路南口),0.14916566227418088
专204路(北京东站--光辉桥南),0.006077519556655109
421路(东湖--大北窑南),0.15427815358069577
319路(南七家--大运村公交场站),0.22114855127743482
826路(采四小区--地铁荣昌东街站),0.3096368295692562
346路(凤凰岭--西苑北站),0.27808541137474085
专88路(地铁通州北关站--通州李庄),0.07442695237488703
夜4路(菜户营桥东--安宁庄东路南口),0.2105932541670491
814路(上上城五期--大北窑南),0.38738761567986446
121路(南坞--阜成门内),0.11724136117649321
专177路(地铁张郭庄站--太子峪陵园),0.03711571278105672
523路(地铁荣京东街站--科创十六街),0.10195951015770441
416路(东直门枢纽站--来广营西桥东),0.13825095381865368
通49路(六合新村--运河明珠家园),0.10774281944693302
439路(十里河桥东--百子湾),0.07915272610145506
872路(长陵--德胜门),0.4299537144563792
876路(城子--苹果园南路东口),0.1361896993526113
450路(田村半壁店东--来广营北),0.2940777369754913
690路(定辛庄公交场站--农业展览馆),0.21410291131237802
19路(动物园枢纽站--翠林小区),0.0978733412878459
专112路(溪阳东路东口--地铁望京西站),0.06863635108210277
698路(公主坟--香泉环岛),0.18574850801039516
专64路(疃里公交场站--地铁通州北关站),0.062022922681462
580路(泰河一街西口--地铁荣昌东街站),0.0822282097103441
646路(阎村桥公交场站--城南嘉园北),0.35099617922855886
59路(菜户营桥--前门),0.07310805744146254
533路(英才南三街东口--天通苑北枢纽站),0.11013275443356668
通6路(潞阳桥西路--北京物资学院),0.13190603993163702
通18路(平家疃路口--曹园逸家小区),0.24084155155731465
122路(北京站东街--北京西站南广场),0.1899159718562659
366路(宋家庄枢纽站--黄村火车站),0.20332644423798554
535路(白鹿司北街--劲松桥东),0.11059170450879621
通16路(和合站村--西集中学),0.07786464845372935
401路(东直门枢纽站--南十里居),0.10274487498123962
夜24路(和平东桥南--北京南站南广场),0.2166585799599316
通72路(坨堤村--地铁九棵树站),0.2015477216120505
36路(天坛南门--华威路南口),0.08853532595297574
590路(昌平东关--下念头村),0.14605760144227994
869路(东洲家园--地铁善各庄站),0.035520577005484805
865路(小红门牌坊村--四惠枢纽站),0.10373319866833448
388路(大北窑东--疃里公交场站),0.26110997669557334
73路(地铁海淀五路居站--阜成门),0.08175882513784034
375路(东北旺中路--北京北站),0.14820296186060772
122路(北京西站南广场--北京站东街),0.18343563728869874
382路(双桥农场西站--大北窑东),0.16011644010332857
399路内环(石景山科技园--石景山科技园),0.10018050867843825
910路(土桥村--潮白河孔雀城),0.21953324410063713
专13路(牛街--建欣苑北),0.06991881539306918
845路(狼垡--益泽路),0.13724884951489247
566路(万盛南街--胡家垡),0.09010461548886929
专128路(地铁西二旗站--永丰公交场站),0.10588425561301983
423路(明春苑--阜成门内),0.17991235117444523
专135路(地铁沙河站--百善公交场站),0.07637861948683775
428路(地铁龙泽站--天通北苑),0.1439293490240667
专76路(五间楼--角门南站),0.04897247488101285
通38路(通州小街桥东--协各庄村),0.22673413522904023
专12路环线高峰(五道口公交场站--五道口公交场站),0.05009037814899077
通22路(通州北苑路口南--鲁城村西口),0.3987061937325451
34路(虎坊桥路口东--孛罗营),0.17813150819812656
430路(东沙各庄公交场站--安定门),0.18506841354616627
471路(地铁望京西站--东湖),0.08066683750312414
868路(云佛山滑雪场--于家园),0.4462959985300155
夜28路(惠新东桥南--地铁宋家庄站),0.20634560952099423
609路(金庄--西三旗),0.21687764282394772
646路(城南嘉园北--阎村桥公交场站),0.34994108307473965
313路(晓月苑小区--大王庙),0.050253494309784985
425路(小营公交场站--南坞),0.19860869385354576
311路(来广营西桥东--大运村公交场站),0.16664779033565705
专67路(地铁新宫站--福苑小区),0.0760462291026767
53路(四方桥西--北京西站南广场),0.18573992503569228
111路(白石桥东--崇文门),0.11699824377010058
36路(华威路南口--天坛南门),0.09320121928942511
461路(小辛庄村--小辛庄村),0.13584020117328377
651路(西直门公交场站--柳林村),0.2915077578636047
838路(地铁六里桥站--涿州开发区),0.6060546628565159
885路(德胜门西--昌平何营),0.3902830754699207
夜20路外(北官厅--北官厅),0.32958624790279273
880路(沙城客运站--地铁朱辛庄站),1.102827738752073
854路(地铁望京西站--孙河公交场站),0.17731899014689845
847路(孙河公交场站--马甸桥西),0.3059660551393849
941路快车(中门寺生态园--莲花池南路),0.2908559158530243
354路(灵秀山庄东站--鲁谷公交场站),0.2938017730653089
专107路(北苑家园--溪城家园),0.033892265003172974
专165路(双花园西里--八王坟南),0.04914060295157977
95路(惠新西街南口--康家沟),0.14515188733400958
390路(南五里店--西便门),0.12265394495307547
885路(昌平何营--德胜门西),0.38373428518739794
48路(城南嘉园北--前门),0.09276404857748854
894路(地铁潞城站--夏威夷蓝湾小区),0.19253864991617986
70路(西单路口南--角门南站),0.08076514735600221
通19路(师姑庄村--大方居),0.2256390891168439
专138路(西城三里河--菜户营西路),0.10355441627027667
85路(南菜园--五路),0.13752939338112757
88路(草桥东路北口--大钟寺站),0.17353708907800208
431路(单店南--东四十条桥东),0.1120368489076788
386路(巴沟村--清河营公交场站),0.21459609570131566
815路快(诸葛店--郎家园),0.3686416662562235
专89路(清河--新龙城东站),0.07301799209797652
专45路(沙河--北街家园五区),0.07560614489672553
907路(篱笆房客运站--大韩继公交场站),0.32004713024767134
928路(成府路口南--来广营北),0.16615968113310228
103路(北京站西--动物园枢纽站),0.1294321568632578
904路(燕山春光--燕化星城一里),0.15053953023780245
657路(郎辛庄--东湖),0.25315302886861835
通58路(东夏园路口南--环湖小区),0.07506391889355199
829路(思邈路--刘家窑桥西),0.29710838604025325
305路(国防大学--中苑宾馆),0.19527145290147013
68路(马官营西--厂桥路口西),0.1274861720825047
349路(丰台西站--北京西站南广场),0.13139590583015476
专25路(灵秀山庄东站--地铁旧宫站),0.025751477284915145
378路(老君堂北站--华威路南口),0.10335130333873575
814路(大北窑南--上上城五期),0.3875101023193031
906路(燕山二一八公交场站--燕山东岭),0.09623622415933639
106路(东直门枢纽站--北京南站),0.1278825486037481
509路(中央党校北门--地铁西二旗站),0.07249100460540508
597路(鲁谷公交场站--黑石头村),0.15903050101940752
393路(育新小区--西苑),0.12572430465481704
941路快车(莲花池南路--中门寺生态园),0.287492015047929
399路外环(石景山科技园--石景山科技园),0.10479985270410416
872路(德胜门--长陵),0.4286982934874897
446路(地铁永丰站--学府树公交场站),0.12332903107549897
107路(白石桥东--东直门枢纽站),0.113343859516463
41路(东单路口南--金蝉西路南口),0.11550781692294154
971路(六里桥东站--首发物流),0.27542552308352686
977路快(冯村公交场站--公主坟北),0.27030566247899235
806路(大北窑南--太玉园公交场站),0.305511518737152
7路(动物园枢纽站--五间楼),0.1620478418428229
454路(永定门汽车站--西红门西站),0.12161644105357741
669路(大北窑南--万盛北街),0.21417364599902056
585路(金庄--五棵松桥南),0.06217334368196224
专55路(地铁园博园站--丰台梨园村),0.07132951763269915
465路(南七家--立水桥),0.08708987219849938
586路(孙河公交场站--常营体育公园),0.16422513446104817
88路(大钟寺站--草桥东路北口),0.17159406160264884
996路(地铁龙泽站--平西王府公交场站),0.100053490255177
958路(龙潭公园--雍王府),0.3669573783727195
313路(大王庙--晓月苑小区),0.051055559194227884
专178路(地铁张郭庄站--二七厂),0.04815351098610501
专116路(地铁善各庄站--南皋公交场站),0.08079805265790585
930路(三河总站--郎家园),0.671474273788311
74路(菜户营西路--颐和园新建宫门),0.17233994471335812
919路(德胜门--体育场小区),0.7632250598266758
379路(左家庄--育新小区),0.19122700304446746
113路(大北窑南--祁家豁子),0.14216435648108833
596路(国际展览中心--清河营公交场站),0.14095457765377123
通4路(高楼金村--怡乐中街),0.1339204561851153
129路(西苑枢纽站--北京西站),0.1803853947302038
967路(狼垡东桥北--花园桥南),0.1968915575887336
428路(天通北苑--地铁龙泽站),0.14434728340911937
专67路(福苑小区--地铁新宫站),0.07471131197328612
65路(动物园枢纽站--北京西站),0.07562236946611917
536路(屏翠西路东口--左家庄),0.09928467057016559
389路(鲁谷公交场站--刘娘府北街北口),0.12497649735805866
679路(木樨园--桂村),0.2382640881875514
专129路(颐和园西门--阜玉路口北),0.06887075363634933
864路(地铁北苑站--东洲家园),0.04109128620428265
996路(平西王府公交场站(临时站)--地铁龙泽站),0.09766131488281797
通40路(漷城西四路--地铁九棵树站),0.28102003547033333
58路(神武门--四惠枢纽站),0.11058718138914998
477路(广外关厢--明春苑),0.16323158554185951
880路快(地铁回龙观站--沙城客运站),0.8927656545122038
专130路(木樨园桥--成和园小区),0.06862639175736136
890路(北京西站南广场--下苇甸),0.42105751871474545
915路(东直门外--南彩汽车站),0.46830646565451056
专167路(四惠枢纽站--金卫路西口),0.06523059453555785
87路(定慧寺东--蓟门桥),0.14378427256684118
676路(振亚庄--长椿街路口西),0.20640222546682496
专175路(皮村西口--常营体育公园),0.08544700222389023
675路(通州李庄--左家庄),0.2926430927072205
通16路(西集中学--和合站村),0.07805763566329862
490路(宝盛里小区--惠新东桥西),0.1539352105658605
663路(苹果园南--小马厂),0.20044103995650764
550路(云岗--羊圈头村),0.09745768334674126
834路(顺义半壁店--翟里村),0.17207594905305407
847路(北太平桥东--孙河公交场站),0.3106135973319308
637路(北京站东--次渠),0.22250935835876082
专111路(老山西街--吴庄公交场站),0.06951088497591709
通41路(陈桁村--大灰店村),0.6062251879119509
55路(祁家豁子--西安门),0.06738675460248164
85路(五路--南菜园),0.10317426963612815
696路(芍药居公交场站--国展新馆公交场站),0.21538513470075993
专175路(常营体育公园--皮村西口),0.08621258719386155
638路(北京站东--化工桥西),0.17271577038945077
934路(海子角--窦店公交场站),0.4260139096951017
专57路(云岗--云岗),0.037115646519509396
980路(密云汽车站--东直门枢纽站),0.7382346039242124
112路(康家沟--亮果厂),0.12053562320752803
865路(四惠枢纽站--小红门牌坊村),0.102928375771164
632路(学府树公交场站--五路),0.1924705024505179
专150路(融景城公交场站--地铁八宝山站),0.04305919662883876
807路(大北窑南--土桥公交场站),0.2594206458462648
318路(香泉环岛--城通街),0.16280463080368993
367路(软件园广场--天鑫家园),0.10314046544070446
372路(怡乐南街公交场站--日新路南口),0.12012259532167384
专107路(溪城家园--北苑家园),0.03203404673069576
专91路(燕堤南路西口--京原东站),0.06356563177356164
672路(郁金香花园南门--燕莎桥南),0.192963198020698
639路(北京站东--黎各庄),0.3156669263183409
专155路(西铁营--北京南站),0.04233034766071375
510路(杏坛路--双泉堡东),0.10661678050827438
935路快车(东直门外--英各庄),0.2874438672698472
通23路(永乐店--紫峰九院城),0.14845255794700035
专58路(天通北苑--天通西苑南),0.05366682781183288
895路(梨村公交场站--莲花池),0.32201892737458615
专78路(小辛庄村--地铁回龙观东大街站),0.021777416150996105
926路(采育公交场站--地铁旧宫站),0.3321949922687132
专6路(阜成门--西直门),0.023187928386096946
557路(小沙河村公交场站--地铁回龙观站),0.061177115174352516
916路(东直门--怀柔汽车站),0.5181067808101552
642路(水岸家园南--土楼村),0.1868178595033117
832路(梨村公交场站--六里桥东站),0.29481387098063033
685路(樊家村公交场站--博兴一路北口),0.318842066290788
363路(青青家园--四惠枢纽站),0.11652101116199653
901路(燕山东岭--六里桥北里),0.4914998435243238
839路(东坟公交场站--刘家窑桥西),0.537718688235943
专136路(海鶄落--天通北苑一区南),0.07339969544501972
75路(康家沟--和平东桥),0.1608845751073367
323路(富丰桥西--知春里),0.17219863627582235
485路(振亚庄--北京南站),0.19069745187589998
896路(梨村公交场站--七里庄),0.29501436490779365
421路(大北窑南--东湖),0.1506799768330021
通49路(运河明珠家园--六合新村),0.10448520460185161
912路(篱笆房客运站--夏家胡同),0.23755049773762668
822路(潮白河孔雀城--地铁潞城站),0.2173587524296403
493路(昌平南桥北--朝凤庵村),0.07878165782923235
71路(红寺桥--友谊医院东),0.08285328104252433
专122路(地铁善各庄站--蟹岛度假村东门),0.10335456356041288
557路(地铁回龙观站--小沙河村公交场站),0.07359662794986384
345路快车(朝凤庵村--德胜门西),0.3645389727011644
980路(东直门枢纽站--密云汽车站),0.7374351195628653
627路(郭公庄西--航天桥西),0.16798823722503836
880路(朱辛庄公交场站--沙城客运站),1.097946818882884
475路(宇达创意公交场站--四惠枢纽站),0.1310280310732899
938路(通州西站--安平香汐花园),0.3828500944220434
625路(二拨子新村--德胜门),0.16418868529563038
116路(地铁柳芳站--龙潭公园),0.10002853627304704
414路(北京南站南广场--海淀五路居),0.1538454542862638
463路(地铁龙泽站--玉衡街),0.192404322905247
夜34路(金蝉西路南口--慧忠里),0.22328307147346813
通39路(大沙务村--于辛庄村),0.07286440597971736
16路(二里庄--动物园枢纽站),0.10623339356509076
通28路(后堰上村--周营村南口),0.2291164585857076
专44路(观林园小区北门--双泉堡东),0.03904543243355651
专119路(天通北苑一区南--天通北苑),0.04749627306688238
专80路环线(骊龙园西门--骊龙园西门),0.0778359492212383
专163路(大红门锦苑小区--地铁大红门站),0.03931492627691955
夜16路(航天桥西--晓月苑公交场站),0.17030845496547564
944路(奶子房公交场站--安贞桥西),0.22441978070989788
专33路(二七通信工厂--地铁园博园站),0.03977389840575512
997路(经海二路公交场站--莲花池南路),0.30022004965806715
专114路(东大桥公交场站--燕莎桥南),0.05798519441668629
345路快车(德胜门西--朝凤庵村),0.3627917207214959
513路(唐家村--吕营嘉园),0.09829922916170401
31路(甜水园街北口--金蝉南里),0.12422470723237068
专191路(北京西站南广场--复兴门南),0.042481960869508076
专47路(珠江四季悦城--科创十六街),0.0752770621996343
专133路(半截塔公交场站--立水桥西站),0.05184362674288126
563路(香山公园东门--西直门公交场站),0.1969308047236877
959路(大瓦窑公交场站--石厂村),0.3453013511408134
552路(万盛南街--通州李庄),0.16594360794009003
专157路(地铁通州北关站--通州西站),0.043773871875860466
970路(地铁俸伯站--密云汽车站),0.37483197596164386
829路(刘家窑桥西--思邈路),0.2948138546300801
860路(曹碾--天通苑北枢纽站),0.10172132336332455
专3路(丰北桥东--莲花桥),0.0456174239531991
454路(西红门西站--永定门汽车站),0.11946858368497934
310路(丰台辛庄--晓月苑公交场站),0.11683301899561045
468路(四惠枢纽站--朝新嘉园),0.10148790713370702
专186路(鹿海园三里--瀛吉街),0.06717277144052146
通11路(董村--地铁通州北苑站),0.2469733612520967
925路(延庆南菜园--长陵),0.5270366248550786
605路(黄杉木店--弘燕公交场站),0.10577396911310447
128路(肖村桥北--后库),0.14765969453279942
529路(北京南站南广场--翠海明苑),0.10232652497131974
316路(小稿村南站--疃里公交场站),0.15192597416730924
专49路(沙河--地铁朱辛庄站),0.05477808564785643
通5路(姚辛庄村--地铁九棵树站),0.1464042747240324
934路(窦店公交场站--海子角),0.424195305073984
夜18路(城南嘉园北--左家庄),0.22364850469583392
123路(左家庄桥西--牡丹园西),0.10979773807622346
584路(大钟寺--颐和山庄),0.14989097462193549
57路(靛厂新村--四惠枢纽站),0.23615896682429324
606路(地铁霍营站南--大钟寺站),0.1737173705926734
935路快车(英各庄--东直门外),0.275338290084857
843路(大灰厂西站--六里桥北里),0.22257265458974268
449路(地铁上地站--永丰公交场站),0.11681071179341106
567路(东湖--惠新西街北口),0.09110134216210262
543路(环保科技园--地铁龙泽站),0.16013979462781874
641路(和平西桥--金盏村),0.19170835278632967
598路(张仪村南站--刘娘府北街北口),0.12880358481793366
512路(梅所屯--永丰公交场站),0.11648147359965391
通10路(城铁北苑站--后伏村),0.26977448030253914
351路(地铁首经贸站--丰台路口),0.06628094971380005
专152路(苹果园南路东口--城通街),0.06596475485894274
501路(南苑机场--草桥东路北口),0.11282475560926727
450路(来广营北--田村半壁店东),0.2897090337097698
43路(五间楼--团结湖),0.12946414962402394
通19路(大方居--师姑庄村),0.22675747373671282
通14路(通州北关--黄厂铺村),0.28582613032146376
846路(杨秀店公交场站--大北窑南),0.2603841426491096
515路(东大桥公交场站--北土城公交场站),0.11605000606756208
夜29路(东小营公交场站--北京站东),0.33103348676130234
687路(马家堡公交场站--地铁阜通站),0.2696412923270167
469路(地铁海淀五路居站--颐和园西门),0.10311114382273635
451路(黄厂路--来广营北),0.2889699366678723
676路(长椿街路口西--振亚庄),0.20513165657787377
617路(地铁生命科学园站西--来广营北),0.25733447218305805
889路(德胜门西--昌平何营),0.38237875046271497
42路(广外甘石桥--东四十条桥西),0.1291947330155344
119路(安定门--地铁芍药居站),0.07706124007744036
专4路(樊家村公交场站--夏家胡同),0.024584516086412173
560路(新龙城东站--生命科学园西站),0.12286473861869965
56路(动物园枢纽站--大观园公交场站),0.07783042513810935
439路(百子湾--十里河桥西),0.07732972184677206
专96路(开发区交通服务中心--西店),0.06890131142779077
891路外环(德露苑公交场站--德露苑公交场站),0.11967090544169963
456路(思邈路--菜户营桥东),0.23127590617856114
370路(公主坟西--圈门),0.27905883654950436
专191路(复兴门南--北京西站南广场),0.05840740102936695
132路(东直门枢纽站--大西洋新城南门),0.08503878786094998
441路(天通苑北枢纽站--地铁龙泽站),0.10270234665473127
929路(地铁苹果园站--千军台),0.4576679891398295
437路(地铁安河桥北站--公主坟北),0.15472187368525178
571路(地铁望京西站--朝新嘉园),0.14809263313028662
647路(万盛南街--大北窑东),0.2795502186794819
通36路(大方居--翠屏北里北),0.034198040001286664
90路(天坛西门--造甲村东),0.13041428727027635
988路(马泉营--四惠枢纽站),0.19397308676212893
15路(动物园枢纽站--天桥商场),0.10003302200274149
667路(大北窑东--刘庄北站),0.2700067199490169
419路(甘露园北--国家体育场东),0.18169857330865136
专172路(怡乐南街公交场站--万盛南街),0.039943889540982755
931路(潭柘寺--地铁苹果园站),0.2290980871524943
437路(公主坟北--地铁安河桥北站),0.15533059682384723
专176路(海上海花园小区--菜户营桥东),0.06951374279546377
373路(绿谷雅园小区--衙门口东),0.09061158639804762
通51路(西马庄小学--地铁通州北苑站),0.02420724905117376
101路(红庙路口东--百万庄西口),0.15132293178401465
专66路高峰(地铁巩华城站--巩华新村),0.05604158818891603
专143路(颐和山庄--东北旺),0.06492511400579459
864路(东洲家园--地铁北苑站),0.043269330452835514
专166路(金蝉南里--金蝉北路西口),0.027982426135163985
497路(郭公庄西--木樨园桥),0.1341687795555035
896路(七里庄--梨村公交场站),0.2985459419198587
2路(双庙--宽街路口南),0.1264762927960076
专197路(北苑家园--地铁立水桥南站),0.019570622586448455
夜6路(国家体育馆--青年路小区),0.19980020860345823
535路(劲松桥东--白鹿司北街),0.1242103354843849
312路(东小营公交场站--马圈),0.3095092410689386
857路(蟹岛度假村东门--沙子营公交场站),0.15104513068540457
686路(中央党校北门--田村半壁店东),0.24041059360987993
通43路(临沟屯村--地铁通州北苑站),0.3491674356342997
630路(香泉环岛--大运村公交场站),0.1601466456252234
942路快车(茶坞火车站--东直门外),0.4855364062773723
专180路(郭公庄西--樊家村公交场站),0.05667679386934431
850路快车(东直门--马坡花园),0.429236595142129
33路(远大路东口--公主坟西),0.07112570078339359
938路(安平香汐花园--通州西站),0.38384197111629104
582路(怡乐南街公交场站--地铁通州北关站),0.10887626846790632
972路(矿建街北口--雍王府),0.1798774896360455
925路(长陵--延庆南菜园),0.5284556853293815
434路(草桥东路北口--福苑小区),0.12633802069095565
961路(大瓦窑公交场站--西老店公交场站),0.24915303369448316
516路(南皋--亮马桥),0.10623859192822181
通8路(关辛庄村--北京物资学院),0.19626192946996746
899路(朱辛庄公交场站--下花园),1.1293542129496525
33路(公主坟西--远大路东口),0.09408173963202766
948路(地铁苹果园站--大安山矿),0.5813499644643384
339路(北京西站--王佐),0.22097812331353398
330路(温泉苗圃--后沙涧),0.07353184269714352
专194路(甘露园北--北京朝阳站),0.042676174212268485
944路(安贞桥西--奶子房公交场站),0.22212424269579611
472路(金安桥北--鲁谷公交场站),0.1431176862966436
501路(草桥--南苑机场),0.10871622052554435
559路(昌平北站--丈头村),0.12739461019884135
352路(劲松中街--旧宫路口北),0.12024433256003922
专50路高峰(罗兰香谷小区--小沙河村公交场站),0.1012393505367292
108路(大屯东--崇文门),0.10853893940649789
专114路(燕莎桥南--东大桥公交场站),0.06078825832745478
574路(大灰厂--衙门口东),0.17524420286041997
专183路(鹿海园五里东门--鹿海园四里南门),0.12096801300390227
397路(四惠枢纽站--大鲁店公交场站),0.1893019327120037
332路(前门--地铁北宫门站),0.19755627076201265
398路(育新小区--五道口公交场站),0.10072871946422261
135路(康家沟--二里庄),0.22127832345112905
77路(晓月苑小区--外文印刷厂西门),0.19052427120356216
818路(郎家园--天洋城总站),0.3851685135366797
专68路(看丹桥--丰台西站),0.043717643029856715
专15路(大西洋新城南门--北京八十中学东门),0.05182519792978049
895路(莲花池--梨村公交场站),0.3224355021766104
970路快车(地铁望京西站--密云汽车站),0.6240839640603217
141路(宋家庄枢纽站--时代庄园北站),0.28155708474755015
924路(土桥公交场站--南彩汽车站),0.42137286956891934
专187路(地铁荣昌东街站--开发区交通服务中心),0.18594230141778156
335路(东大街南口--地铁海淀五路居站),0.14382423053646184
通68路(日光清城--温馨家园),0.2173362529582003
982路(北京西站南广场--土井村西口),0.3068371794301046
通60路(城铁北苑站--梨园北街),0.1404192971071585
675路(左家庄--通州李庄),0.29896198707490224
专203路(地铁临河里站--东小营公交场站),0.10052264410039306
12路环行(五间楼--五间楼),0.15766889575350987
7路(五间楼--动物园枢纽站),0.1647661826584585
833路(河北镇辛庄--送变电公司路口西),0.30369667895993285
专103路环线(地铁龙泽站--地铁龙泽站),0.05636074276474647
492路(亦庄桥南--博兴一路北口),0.13183289487649272
专188路(开发区交通服务中心--科谷二街),0.06768269140865554
专158路(北京物资学院--翠福园小区),0.04751391568847547
专31路(积水潭桥东--积水潭桥东),0.023098541628373718
76路(核桃园东街--张仪村公交场站),0.18465059599885336
专160路(霍营公交场站--龙锦苑公交场站),0.03162906778925464
871路(曹碾--生命科学园东站),0.23567415542232958
509路(地铁西二旗站--中央党校北门),0.07301714975979821
25路(北京南站--肖村桥北),0.09629119011546731
专93路(地铁长阳站--地铁长阳站),0.029059017431930175
97路(晓月苑公交场站--航天桥西),0.15527162602599723
309路(太子峪陵园--北京西站南广场),0.19474582639843607
473路(六里桥北里--鲁谷公交场站),0.09700353742986464
856路(兴寿北站--南彩汽车站),0.45315716440576453
57路(四惠枢纽站--靛厂新村),0.23342343412753566
334路(吴庄公交场站--动物园枢纽站),0.1632586218061362
942路快车(东直门外--茶坞火车站),0.47748154169101104
3路(金家村桥东--东直门枢纽站),0.2082384184336509
346路(西苑枢纽站--凤凰岭),0.26247098135846975
通64路(地铁九棵树站--青山),0.16478966375762294
通50路(张家湾凉水河桥北--地铁梨园站),0.07433239761402416
专81路(世华泊郡小区--东小口村委会),0.09392032812414838
专133路(立水桥西站--半截塔公交场站),0.05169853326848694
371路(霍营公交场站--龙域北街东口),0.07904846906578612
593路(环行铁道--地铁北苑路北站),0.12595909331216998
夜10路外(东直门--东直门),0.22762570865748277
819路(诸葛店--地铁潞城站),0.16092761755839027
通22路(鲁城村西口--通州北苑路口南),0.39644846768918746
专53路(北京南站南广场--北京南站南广场),0.032572160679906356
专106路(朝凤庵村--朝凤庵村),0.11691324680848869
专202路(刘家窑桥西--刘家窑桥西),0.061910646389725855
359路(东直门外--首都机场路北口),0.20689092828309374
980路快车(东直门枢纽站--密云汽车站),0.6873613984238889
通68路(温馨家园--日光清城),0.21454532220627898
917路快车(北京西站南广场--欧美亚汽车城),1.0500321159007453
565路(地铁园博园站--怪村公交场站),0.1746112225818908
51路(双龙小区--嘉园三里),0.15823042747688537
468路(朝新嘉园--四惠枢纽站),0.10278491287220062
608路(中关村一街--地铁生命科学园站西),0.21540091183837584
866路(怀柔汽车站--地铁望京西站),0.3857510770436352
通37路(王辛庄村--地铁通州北关站),0.1323243981505099
夜1路(四惠枢纽站--老山公交场站),0.2695433009159185
969路(海子角--地铁西局站),0.23310356281279263
816路(大厂--郎家园),0.62529451903506
9路(金台路口西--金家村桥东),0.1888618462866322
40路(五路--木樨园桥北),0.15714873518989825
569路(北京会议中心--小营公交场站),0.09243290499639645
563路(西直门公交场站--香山公园东门),0.19643498860718733
专50路高峰(小沙河村公交场站--罗兰香谷小区),0.10258771557104691
专147路内环(田村半壁店东--田村半壁店东),0.062233272461144136
568路(马官营南--砂石路口东),0.11226870735093179
388路(疃里公交场站--大北窑东),0.26018012510389443
958路(雍王府--龙潭公园),0.36956366221442544
484路(北苑家园--北医三院),0.1404314456370592
109路(东大桥公交场站--北京西站南广场),0.15888183562922623
专109路(田村--鲁谷公交场站),0.05484029390770183
325路(高井路口南--衙门口公交场站),0.12412620525641915
547路(地铁善各庄站--和平西桥),0.11252116397948124
441路(地铁龙泽站--天通苑北枢纽站),0.10269696612118329
专190路(地铁丰台科技园站--地铁新宫站),0.07757294376882136
137路(前门--怡海花园西门),0.21464479799182487
551路(霍营公交场站--白各庄公交场站),0.07214102159032311
518路(西山林语公交场站--慧忠里),0.22167137275610194
专41路(开发区交通服务中心--晶彩小区),0.06342245985791345
104路(地铁柳芳站--北京站西),0.13223391250337177
126路(石各庄--北京站东),0.15498674671613744
577路(二里庄--东北旺中路),0.10320851579274445
467路(地铁善各庄站--静安庄),0.1009018021405499
361路(巴沟村--望京科技创业园),0.21768578877064473
992路(京原东站--西辛房西),0.19212759195462295
809路(大北窑南--佰富苑),0.3375731174207743
538路(孙河公交场站--国家体育场东),0.18724228417190808
663路(小马厂--苹果园南),0.19941903221585122
851路(地铁望京西站--东窑村),0.20508896134993196
通53路(苍头村--地铁梨园站),0.12032088547029691
424路(厢白旗桥--金庄),0.12213319561341607
专138路(菜户营西路--西城三里河),0.09833866841223522
通58路(环湖小区--东夏园路口南),0.07518363028328227
652路(北京南站南广场--开发区交通服务中心),0.1913816772399463
60路(龙潭公园--黄寺总政大院),0.10212787215912435
专54路(温泉北站--地铁稻香湖路站),0.04807995882680201
专20路(清河营公交场站--金茂悦小区北门),0.05200761651854675
459路(南宫迎宾路--丽泽桥),0.23185462777120994
专86路(融景城公交场站--京原东站),0.031135058489899815
615路(刘庄北站--神路街),0.2887161957487883
840路(七里庄--马村公交场站),0.35325099259176734
524路(灵秀山庄东站--宋家庄枢纽站),0.08462135239081893
651路(柳林村--西直门),0.29533558233472046
142路(炎黄艺术馆--丽泽桥),0.2866250862168693
专21路高峰(霍营公交场站--龙锦苑公交场站),0.039786087522051816
941路(莲花池南路--石龙西公交场站),0.35782639183977233
987路(云佛山滑雪场--地铁望京西站),0.810418475625286
930路(郎家园--三河总站),0.6741752896953591
通62路(新城乐居--陈列馆路),0.13489452851899458
589路(环球度假区--疃里公交场站),0.15377577224419417
65路(北京西站--动物园枢纽站),0.05904481434920711
520路(天通苑北枢纽站--宝盛路口南),0.09998701827606636
815路快(八王坟东--诸葛店),0.3572496203828818
448路(水岸家园南--前沙涧村),0.11387913993195715
专14路(地铁善各庄站--马南里),0.04568080871859498
356路(大灰厂西站--云岗),0.08160147394929373
专76路(角门南站--五间楼),0.05188785349158043
603路(上地六街东口--六里桥长途站),0.27058895134545197
402路(祁家坟--北岗子东站),0.17290248879793502
513路(吕营嘉园--唐家村),0.08794224929935865
6路(龙潭公园--六里桥东),0.12040454091502283
655路(昌平东关--土楼村),0.19192950110295753
专95路(地铁沙河站--于善街西口),0.019585416301321032
893路(天洋城总站--地铁潞城站),0.16826143993794396
567路(惠新西街北口--东湖),0.09080178768592877
928路(来广营北--成府路口南),0.1689988790566352
通44路(通州区中医医院--疃里二区),0.12337389946887778
902路(苏家坨公交场站--地铁西二旗站南),0.23469694718808146
专180路(樊家村公交场站--郭公庄西),0.05792745579516099
938路快车(香河总站--大北窑南),0.67188991780094
8路(金蝉西路南口--前门),0.1685291135532626
370路(圈门--公主坟西),0.2795193592053543
307路(龙域北街东口--巴沟村),0.19182397933912132
821路(小周易村--方庄南口),0.26026138314575475
395路(富丰桥西--复兴门南),0.1548369456351783
690路(农业展览馆--定辛庄公交场站),0.2130277056389136
640路(小庄路口北--岗山村南站),0.2749626408479585
夜36路(富丰桥西--和平东桥南),0.2537270189029751
977路(菜户营桥西--冯村公交场站),0.3880024720624018
499路(地铁草房站--燕莎桥南),0.18515511413710917
665路(鹿海园公交场站--北京南站南广场),0.24622943667838773
19路(翠林小区--动物园枢纽站),0.09563265643989166
409路(阜成门内公交场站--来广营西桥东),0.20188746046236344
专141路(华纺易城公交场站--八王坟东),0.08196642209034548
959路(石厂村--大瓦窑公交场站),0.3433828993786774
837路(东坟公交场站--车厂村北),0.13183301172629222
917路(北京西站南广场--张坊公交场站),0.7599905368892167
836路(大韩继公交场站--北京西站南广场),0.48700164175434874
专120路(龙祥嘉园--地铁北苑路北站),0.016094344348623845
专19路(华威南路东口--肿瘤医院),0.023185802503119364
457路(豆各庄公交场站--劲松),0.1308377625126387
597路(黑石头村--鲁谷公交场站),0.15943848622508927
专160路(龙锦苑公交场站--霍营公交场站),0.03113342811587715
624路(航天桥东公交场站--槐树岭公交场站),0.1998168438700886
526路(地铁宋家庄站--同心庄公交场站),0.1156319198047231
922路(天通苑北枢纽站--朝凤庵村),0.3524035752092686
631路快车(航天桥东公交场站--黄村火车站),0.22974257235914125
348路(大北窑南--大鲁店公交场站),0.17352538192581957
夜12路(四季青桥南--城南嘉园北),0.19359012162498831
961路(西老店公交场站--大瓦窑公交场站),0.24677578416997367
专154路(达官营--高楼村),0.028078962616807354
668路(京东运乔建材城--北京站东),0.28926796201577365
夜13路(海淀五路居--北京朝阳站),0.28076035190031656
117路(五路居--红庙路口东),0.1369936343775428
26路(天宁寺桥东--二里庄),0.19950701300158313
专144路(金庄--岳家楼桥),0.04872355956792266
935路-935路慢车(顺义半壁店--东直门外),0.24647163520903614
29路(弘燕公交场站--北京站东街),0.11759494453613058
通71路(曹园逸家小区--紫运园小区),0.12111413115553984
311路(大运村公交场站--来广营西桥东),0.1682722312576446
367路(天鑫家园--软件园广场),0.10540897009521982
专62路(地铁宋家庄站--宣颐家园),0.06334551333665164
301路(天通北苑--安定门),0.17429457916643232
78路(鲁谷公交场站--核桃园东街),0.13857252870509182
通13路(尹家河村--城铁九棵树站),0.3015994122549496
301路(安定门--天通北苑),0.1631080825361853
通65路(唐大庄村--九棵树城铁),0.09223342574558256
24路(北京站前街--左家庄),0.06614240343063547
332路(地铁北宫门站--前门),0.20118869629069325
54路(三营门--四惠桥),0.17941575772478932
专170路(豆各庄公交场站--黄厂路),0.037869635550098354
980路快车(密云汽车站--东直门枢纽站),0.697717324630308
15路(天桥商场--动物园枢纽站),0.10094306809838482
411路(富力又一城--小庄),0.18777972724426262
337路(公主坟西--石景山),0.15803013638923763
夜15路(北京西站南广场--北京南站南广场),0.09558908032524509
通42路(小屯村--兴隆庄村),0.2699008511357177
专39路(五里桥--杨闸),0.059669850825043065
693路(育新小区--阜永路口西),0.2441034049268294
338路(丰台体育中心--玉泉路口南),0.07044443504408342
366路快(木樨园--黄村火车站),0.1852324477458974
607路(宏福苑小区西--和平东桥),0.24663656160065214
通8路(北京物资学院--关辛庄村),0.19769782555330373
通86路(地铁通州北苑站--怀柔火车站),0.4584476337977264
694路(六圈路西口--嘉铭园公交场站),0.29619219956031867
专154路(高楼村--达官营),0.02676228660465629
510路(双泉堡东--杏坛路),0.11569272505910438
650路(大北窑北--焦庄桥北),0.151155135689867
专11路(翠谷玉景苑小区--鲁谷公交场站),0.028743469098242404
通64路(青山--地铁九棵树站),0.16386109464875975
901路快车(前门西--燕山东岭),0.5329972138159712
专45路(北街家园五区--沙河站),0.07418042523990757
专113路(百子湾家园东站--四惠枢纽站),0.03433534954792029
352路(旧宫路口北--劲松中街),0.102417217304177
819路(地铁潞城站--诸葛店),0.1654902157316333
936路(来广营路口北--丰宁客运站),1.1917684491647196
622路(成和园小区--北京站东),0.19097001696449717
专105路(朝凤庵村--朝凤庵村),0.11481622097953892
997路(莲花池南路--经海二路公交场站),0.3084546185054179
638路(化工桥西--北京站东街),0.17190461824203296
通34路(太玉园公交场站--地铁梨园站),0.04920302195887654
通53路(地铁梨园站--苍头村),0.12074492547195584
专44路(双泉堡东--观林园小区北门),0.04425729840615462
590路(下念头村--昌平东关),0.1459027491063574
夜14路(国家体育馆--北京西站),0.1858157790158374
534路(西直门公交场站--中央党校北门),0.13295671154500222
403路(环行铁道--北京站东街),0.12990759024411205
50路(北京西站--左安门外),0.14969188871652608
579路(西苑--杏坛路南口),0.12025102736327639
687路(地铁阜通站--马家堡公交场站),0.2686088622590284
460路(小辛庄村--小辛庄村),0.1367587606661777
556路(西洼地--公益桥东),0.0995591399578915
夜3路(海淀五路居--青年路小区),0.25032858683395454
410路(北京西站南广场--丽园路公交场站),0.19114837705570636
夜23路(北京西站--吕家营),0.2160705234519002
354路(鲁谷公交场站--灵秀山庄东站),0.2946650241462994
